system:index,Bin,GridcellCount,PopulationSum,.geo
0,0.0,1.5778177E7,0.0,"{""type"":""MultiPoint"",""coordinates"":[]}"
1,100.0,4308551.0,4.9262449157283045E7,"{""type"":""MultiPoint"",""coordinates"":[]}"
2,200.0,170506.0,2.379197504457262E7,"{""type"":""MultiPoint"",""coordinates"":[]}"
3,300.0,70452.0,1.7013638433583703E7,"{""type"":""MultiPoint"",""coordinates"":[]}"
4,400.0,38831.0,1.3263231125884827E7,"{""type"":""MultiPoint"",""coordinates"":[]}"
5,500.0,24851.0,1.0944127764969874E7,"{""type"":""MultiPoint"",""coordinates"":[]}"
6,600.0,17177.0,9265703.81389346,"{""type"":""MultiPoint"",""coordinates"":[]}"
7,700.0,12935.0,8255769.824382415,"{""type"":""MultiPoint"",""coordinates"":[]}"
8,800.0,10262.0,7563799.491086143,"{""type"":""MultiPoint"",""coordinates"":[]}"
9,900.0,8436.0,7040549.105756776,"{""type"":""MultiPoint"",""coordinates"":[]}"
10,1000.0,6989.0,6529665.484941357,"{""type"":""MultiPoint"",""coordinates"":[]}"
11,1100.0,5987.0,6187362.604606125,"{""type"":""MultiPoint"",""coordinates"":[]}"
12,1200.0,5319.0,6021084.453258833,"{""type"":""MultiPoint"",""coordinates"":[]}"
13,1300.0,4675.0,5760533.653477787,"{""type"":""MultiPoint"",""coordinates"":[]}"
14,1400.0,4203.0,5595425.515560968,"{""type"":""MultiPoint"",""coordinates"":[]}"
15,1500.0,3775.0,5397618.521617838,"{""type"":""MultiPoint"",""coordinates"":[]}"
16,1600.0,3556.0,5439184.979968178,"{""type"":""MultiPoint"",""coordinates"":[]}"
17,1700.0,3153.0,5130940.895450796,"{""type"":""MultiPoint"",""coordinates"":[]}"
18,1800.0,3036.0,5238181.408509281,"{""type"":""MultiPoint"",""coordinates"":[]}"
19,1900.0,2859.0,5221313.335106825,"{""type"":""MultiPoint"",""coordinates"":[]}"
20,2000.0,2629.0,5058173.983308932,"{""type"":""MultiPoint"",""coordinates"":[]}"
21,2100.0,2467.0,4992718.065070732,"{""type"":""MultiPoint"",""coordinates"":[]}"
22,2200.0,2310.0,4885196.846661449,"{""type"":""MultiPoint"",""coordinates"":[]}"
23,2300.0,2147.0,4772972.059737022,"{""type"":""MultiPoint"",""coordinates"":[]}"
24,2400.0,2096.0,4872145.16650357,"{""type"":""MultiPoint"",""coordinates"":[]}"
25,2500.0,1994.0,4825816.037236921,"{""type"":""MultiPoint"",""coordinates"":[]}"
26,2600.0,1928.0,4853150.612164719,"{""type"":""MultiPoint"",""coordinates"":[]}"
27,2700.0,1846.0,4838430.22169696,"{""type"":""MultiPoint"",""coordinates"":[]}"
28,2800.0,1676.0,4558012.781122149,"{""type"":""MultiPoint"",""coordinates"":[]}"
29,2900.0,1669.0,4686453.596258377,"{""type"":""MultiPoint"",""coordinates"":[]}"
30,3000.0,1567.0,4559476.0110370135,"{""type"":""MultiPoint"",""coordinates"":[]}"
31,3100.0,1568.0,4719643.134179716,"{""type"":""MultiPoint"",""coordinates"":[]}"
32,3200.0,1492.0,4649334.251795106,"{""type"":""MultiPoint"",""coordinates"":[]}"
33,3300.0,1418.0,4559457.143021631,"{""type"":""MultiPoint"",""coordinates"":[]}"
34,3400.0,1393.0,4616881.986843297,"{""type"":""MultiPoint"",""coordinates"":[]}"
35,3500.0,1334.0,4555031.847810819,"{""type"":""MultiPoint"",""coordinates"":[]}"
36,3600.0,1302.0,4584272.083940988,"{""type"":""MultiPoint"",""coordinates"":[]}"
37,3700.0,1211.0,4361906.238504893,"{""type"":""MultiPoint"",""coordinates"":[]}"
38,3800.0,1217.0,4509493.265465654,"{""type"":""MultiPoint"",""coordinates"":[]}"
39,3900.0,1172.0,4449332.39944547,"{""type"":""MultiPoint"",""coordinates"":[]}"
40,4000.0,1216.0,4758945.586385174,"{""type"":""MultiPoint"",""coordinates"":[]}"
41,4100.0,1083.0,4341151.002979195,"{""type"":""MultiPoint"",""coordinates"":[]}"
42,4200.0,1025.0,4232409.701512383,"{""type"":""MultiPoint"",""coordinates"":[]}"
43,4300.0,1000.0,4210681.123855228,"{""type"":""MultiPoint"",""coordinates"":[]}"
44,4400.0,971.0,4184334.252018528,"{""type"":""MultiPoint"",""coordinates"":[]}"
45,4500.0,902.0,3972799.2032624213,"{""type"":""MultiPoint"",""coordinates"":[]}"
46,4600.0,950.0,4294798.534657578,"{""type"":""MultiPoint"",""coordinates"":[]}"
47,4700.0,876.0,4024452.9280174635,"{""type"":""MultiPoint"",""coordinates"":[]}"
48,4800.0,863.0,4066812.4771485827,"{""type"":""MultiPoint"",""coordinates"":[]}"
49,4900.0,836.0,4021897.142704758,"{""type"":""MultiPoint"",""coordinates"":[]}"
50,5000.0,817.0,4003324.69013506,"{""type"":""MultiPoint"",""coordinates"":[]}"
51,5100.0,803.0,4011764.047320931,"{""type"":""MultiPoint"",""coordinates"":[]}"
52,5200.0,746.0,3805233.571833847,"{""type"":""MultiPoint"",""coordinates"":[]}"
53,5300.0,675.0,3510412.5946836364,"{""type"":""MultiPoint"",""coordinates"":[]}"
54,5400.0,699.0,3710259.7935408615,"{""type"":""MultiPoint"",""coordinates"":[]}"
55,5500.0,662.0,3588660.9783109077,"{""type"":""MultiPoint"",""coordinates"":[]}"
56,5600.0,684.0,3770875.3030264126,"{""type"":""MultiPoint"",""coordinates"":[]}"
57,5700.0,652.0,3648294.2647843445,"{""type"":""MultiPoint"",""coordinates"":[]}"
58,5800.0,606.0,3462057.213794898,"{""type"":""MultiPoint"",""coordinates"":[]}"
59,5900.0,599.0,3476447.3486436633,"{""type"":""MultiPoint"",""coordinates"":[]}"
60,6000.0,600.0,3546903.4016379095,"{""type"":""MultiPoint"",""coordinates"":[]}"
61,6100.0,610.0,3654545.5103829433,"{""type"":""MultiPoint"",""coordinates"":[]}"
62,6200.0,574.0,3494967.1714055613,"{""type"":""MultiPoint"",""coordinates"":[]}"
63,6300.0,574.0,3563469.0404652404,"{""type"":""MultiPoint"",""coordinates"":[]}"
64,6400.0,517.0,3259122.965770313,"{""type"":""MultiPoint"",""coordinates"":[]}"
65,6500.0,542.0,3477991.672848441,"{""type"":""MultiPoint"",""coordinates"":[]}"
66,6600.0,523.0,3397474.6825166135,"{""type"":""MultiPoint"",""coordinates"":[]}"
67,6700.0,508.0,3364011.1763214245,"{""type"":""MultiPoint"",""coordinates"":[]}"
68,6800.0,490.0,3271896.2085025795,"{""type"":""MultiPoint"",""coordinates"":[]}"
69,6900.0,511.0,3483174.4685986363,"{""type"":""MultiPoint"",""coordinates"":[]}"
70,7000.0,482.0,3324114.585632758,"{""type"":""MultiPoint"",""coordinates"":[]}"
71,7100.0,438.0,3064474.9673726643,"{""type"":""MultiPoint"",""coordinates"":[]}"
72,7200.0,447.0,3164516.0371029526,"{""type"":""MultiPoint"",""coordinates"":[]}"
73,7300.0,429.0,3097974.6951322346,"{""type"":""MultiPoint"",""coordinates"":[]}"
74,7400.0,430.0,3146346.394661229,"{""type"":""MultiPoint"",""coordinates"":[]}"
75,7500.0,393.0,2917360.3881428475,"{""type"":""MultiPoint"",""coordinates"":[]}"
76,7600.0,411.0,3076462.59426405,"{""type"":""MultiPoint"",""coordinates"":[]}"
77,7700.0,398.0,3035374.56707614,"{""type"":""MultiPoint"",""coordinates"":[]}"
78,7800.0,425.0,3277969.0600064197,"{""type"":""MultiPoint"",""coordinates"":[]}"
79,7900.0,370.0,2897031.5860151052,"{""type"":""MultiPoint"",""coordinates"":[]}"
80,8000.0,350.0,2764792.57828209,"{""type"":""MultiPoint"",""coordinates"":[]}"
81,8100.0,360.0,2886762.596374348,"{""type"":""MultiPoint"",""coordinates"":[]}"
82,8200.0,347.0,2811443.8140536523,"{""type"":""MultiPoint"",""coordinates"":[]}"
83,8300.0,291.0,2380484.0435164557,"{""type"":""MultiPoint"",""coordinates"":[]}"
84,8400.0,337.0,2793163.636499795,"{""type"":""MultiPoint"",""coordinates"":[]}"
85,8500.0,308.0,2589579.7333133942,"{""type"":""MultiPoint"",""coordinates"":[]}"
86,8600.0,300.0,2534370.5555900363,"{""type"":""MultiPoint"",""coordinates"":[]}"
87,8700.0,331.0,2853507.759499919,"{""type"":""MultiPoint"",""coordinates"":[]}"
88,8800.0,266.0,2303531.170736414,"{""type"":""MultiPoint"",""coordinates"":[]}"
89,8900.0,278.0,2447938.3968282943,"{""type"":""MultiPoint"",""coordinates"":[]}"
90,9000.0,267.0,2378162.309253777,"{""type"":""MultiPoint"",""coordinates"":[]}"
91,9100.0,250.0,2254918.1350036515,"{""type"":""MultiPoint"",""coordinates"":[]}"
92,9200.0,260.0,2372636.567912445,"{""type"":""MultiPoint"",""coordinates"":[]}"
93,9300.0,230.0,2123445.0823460463,"{""type"":""MultiPoint"",""coordinates"":[]}"
94,9400.0,229.0,2131332.1560623012,"{""type"":""MultiPoint"",""coordinates"":[]}"
95,9500.0,237.0,2225418.701673215,"{""type"":""MultiPoint"",""coordinates"":[]}"
96,9600.0,203.0,1919879.9859069665,"{""type"":""MultiPoint"",""coordinates"":[]}"
97,9700.0,264.0,2497012.243056556,"{""type"":""MultiPoint"",""coordinates"":[]}"
98,9800.0,197.0,1893296.4050552952,"{""type"":""MultiPoint"",""coordinates"":[]}"
99,9900.0,241.0,2362643.236327435,"{""type"":""MultiPoint"",""coordinates"":[]}"
100,10000.0,203.0,2018284.4926356832,"{""type"":""MultiPoint"",""coordinates"":[]}"
101,10100.0,192.0,1919809.0462289818,"{""type"":""MultiPoint"",""coordinates"":[]}"
102,10200.0,180.0,1823098.803168111,"{""type"":""MultiPoint"",""coordinates"":[]}"
103,10300.0,216.0,2200828.896194858,"{""type"":""MultiPoint"",""coordinates"":[]}"
104,10400.0,188.0,1938063.683387032,"{""type"":""MultiPoint"",""coordinates"":[]}"
105,10500.0,184.0,1907136.8769393929,"{""type"":""MultiPoint"",""coordinates"":[]}"
106,10600.0,147.0,1543990.068816357,"{""type"":""MultiPoint"",""coordinates"":[]}"
107,10700.0,181.0,1915086.2006345761,"{""type"":""MultiPoint"",""coordinates"":[]}"
108,10800.0,155.0,1649204.2806736352,"{""type"":""MultiPoint"",""coordinates"":[]}"
109,10900.0,177.0,1909802.0264297419,"{""type"":""MultiPoint"",""coordinates"":[]}"
110,11000.0,151.0,1647423.9677673508,"{""type"":""MultiPoint"",""coordinates"":[]}"
111,11100.0,145.0,1597236.503933373,"{""type"":""MultiPoint"",""coordinates"":[]}"
112,11200.0,141.0,1571033.5752212727,"{""type"":""MultiPoint"",""coordinates"":[]}"
113,11300.0,139.0,1560046.7065907093,"{""type"":""MultiPoint"",""coordinates"":[]}"
114,11400.0,167.0,1885062.6451952772,"{""type"":""MultiPoint"",""coordinates"":[]}"
115,11500.0,147.0,1675556.6385547048,"{""type"":""MultiPoint"",""coordinates"":[]}"
116,11600.0,123.0,1415951.6154362517,"{""type"":""MultiPoint"",""coordinates"":[]}"
117,11700.0,154.0,1771540.417495447,"{""type"":""MultiPoint"",""coordinates"":[]}"
118,11800.0,125.0,1457512.252616411,"{""type"":""MultiPoint"",""coordinates"":[]}"
119,11900.0,136.0,1610175.9321150857,"{""type"":""MultiPoint"",""coordinates"":[]}"
120,12000.0,126.0,1498028.778886646,"{""type"":""MultiPoint"",""coordinates"":[]}"
121,12100.0,142.0,1708533.1356867163,"{""type"":""MultiPoint"",""coordinates"":[]}"
122,12200.0,104.0,1262346.4792407774,"{""type"":""MultiPoint"",""coordinates"":[]}"
123,12300.0,133.0,1624107.5617442254,"{""type"":""MultiPoint"",""coordinates"":[]}"
124,12400.0,122.0,1496448.7503803896,"{""type"":""MultiPoint"",""coordinates"":[]}"
125,12500.0,113.0,1407091.9262502356,"{""type"":""MultiPoint"",""coordinates"":[]}"
126,12600.0,120.0,1490203.1416944952,"{""type"":""MultiPoint"",""coordinates"":[]}"
127,12700.0,124.0,1546644.773497501,"{""type"":""MultiPoint"",""coordinates"":[]}"
128,12800.0,104.0,1313160.3501282497,"{""type"":""MultiPoint"",""coordinates"":[]}"
129,12900.0,124.0,1591380.7837098278,"{""type"":""MultiPoint"",""coordinates"":[]}"
130,13000.0,117.0,1506820.5231537973,"{""type"":""MultiPoint"",""coordinates"":[]}"
131,13100.0,107.0,1395868.5242809188,"{""type"":""MultiPoint"",""coordinates"":[]}"
132,13200.0,114.0,1490645.955116612,"{""type"":""MultiPoint"",""coordinates"":[]}"
133,13300.0,89.0,1173920.4953442258,"{""type"":""MultiPoint"",""coordinates"":[]}"
134,13400.0,97.0,1290962.1738483738,"{""type"":""MultiPoint"",""coordinates"":[]}"
135,13500.0,98.0,1311225.9438567476,"{""type"":""MultiPoint"",""coordinates"":[]}"
136,13600.0,84.0,1130478.6884900832,"{""type"":""MultiPoint"",""coordinates"":[]}"
137,13700.0,99.0,1351390.8859158668,"{""type"":""MultiPoint"",""coordinates"":[]}"
138,13800.0,107.0,1446117.9279871974,"{""type"":""MultiPoint"",""coordinates"":[]}"
139,13900.0,102.0,1405736.7361521355,"{""type"":""MultiPoint"",""coordinates"":[]}"
140,14000.0,80.0,1102563.9126220774,"{""type"":""MultiPoint"",""coordinates"":[]}"
141,14100.0,94.0,1319510.3527430112,"{""type"":""MultiPoint"",""coordinates"":[]}"
142,14200.0,81.0,1128291.5894576628,"{""type"":""MultiPoint"",""coordinates"":[]}"
143,14300.0,94.0,1334866.3857679318,"{""type"":""MultiPoint"",""coordinates"":[]}"
144,14400.0,88.0,1257145.9840273852,"{""type"":""MultiPoint"",""coordinates"":[]}"
145,14500.0,101.0,1456826.6389878353,"{""type"":""MultiPoint"",""coordinates"":[]}"
146,14600.0,82.0,1184962.4628724447,"{""type"":""MultiPoint"",""coordinates"":[]}"
147,14700.0,76.0,1110955.3718240391,"{""type"":""MultiPoint"",""coordinates"":[]}"
148,14800.0,75.0,1105219.114358792,"{""type"":""MultiPoint"",""coordinates"":[]}"
149,14900.0,97.0,1440024.76605456,"{""type"":""MultiPoint"",""coordinates"":[]}"
150,15000.0,75.0,1119265.106758189,"{""type"":""MultiPoint"",""coordinates"":[]}"
151,15100.0,62.0,925562.0708558476,"{""type"":""MultiPoint"",""coordinates"":[]}"
152,15200.0,65.0,969389.2384979145,"{""type"":""MultiPoint"",""coordinates"":[]}"
153,15300.0,75.0,1129216.0412466682,"{""type"":""MultiPoint"",""coordinates"":[]}"
154,15400.0,64.0,982460.625225955,"{""type"":""MultiPoint"",""coordinates"":[]}"
155,15500.0,80.0,1235627.7570144285,"{""type"":""MultiPoint"",""coordinates"":[]}"
156,15600.0,63.0,979563.2136738878,"{""type"":""MultiPoint"",""coordinates"":[]}"
157,15700.0,74.0,1153279.5496992385,"{""type"":""MultiPoint"",""coordinates"":[]}"
158,15800.0,66.0,1018690.969577684,"{""type"":""MultiPoint"",""coordinates"":[]}"
159,15900.0,63.0,992216.593361548,"{""type"":""MultiPoint"",""coordinates"":[]}"
160,16000.0,60.0,941305.7912018176,"{""type"":""MultiPoint"",""coordinates"":[]}"
161,16100.0,57.0,914797.176504816,"{""type"":""MultiPoint"",""coordinates"":[]}"
162,16200.0,52.0,833442.8662960422,"{""type"":""MultiPoint"",""coordinates"":[]}"
163,16300.0,61.0,986373.8192265364,"{""type"":""MultiPoint"",""coordinates"":[]}"
164,16400.0,61.0,997208.0512274271,"{""type"":""MultiPoint"",""coordinates"":[]}"
165,16500.0,65.0,1062857.563340611,"{""type"":""MultiPoint"",""coordinates"":[]}"
166,16600.0,49.0,794343.5516029801,"{""type"":""MultiPoint"",""coordinates"":[]}"
167,16700.0,64.0,1048113.9141837088,"{""type"":""MultiPoint"",""coordinates"":[]}"
168,16800.0,45.0,752842.4877036131,"{""type"":""MultiPoint"",""coordinates"":[]}"
169,16900.0,56.0,939347.5386446209,"{""type"":""MultiPoint"",""coordinates"":[]}"
170,17000.0,48.0,813667.0088890954,"{""type"":""MultiPoint"",""coordinates"":[]}"
171,17100.0,46.0,784427.1536554825,"{""type"":""MultiPoint"",""coordinates"":[]}"
172,17200.0,38.0,641418.9003072613,"{""type"":""MultiPoint"",""coordinates"":[]}"
173,17300.0,52.0,889541.8547439001,"{""type"":""MultiPoint"",""coordinates"":[]}"
174,17400.0,53.0,909115.9558063709,"{""type"":""MultiPoint"",""coordinates"":[]}"
175,17500.0,46.0,802777.2962687989,"{""type"":""MultiPoint"",""coordinates"":[]}"
176,17600.0,48.0,839473.0250603103,"{""type"":""MultiPoint"",""coordinates"":[]}"
177,17700.0,35.0,615630.9438049537,"{""type"":""MultiPoint"",""coordinates"":[]}"
178,17800.0,54.0,958584.9042288233,"{""type"":""MultiPoint"",""coordinates"":[]}"
179,17900.0,36.0,641454.6338754387,"{""type"":""MultiPoint"",""coordinates"":[]}"
180,18000.0,50.0,897658.2985565511,"{""type"":""MultiPoint"",""coordinates"":[]}"
181,18100.0,54.0,974256.2156545378,"{""type"":""MultiPoint"",""coordinates"":[]}"
182,18200.0,36.0,651257.469816001,"{""type"":""MultiPoint"",""coordinates"":[]}"
183,18300.0,41.0,747115.4866987765,"{""type"":""MultiPoint"",""coordinates"":[]}"
184,18400.0,41.0,752166.6539435112,"{""type"":""MultiPoint"",""coordinates"":[]}"
185,18500.0,29.0,534175.3183710299,"{""type"":""MultiPoint"",""coordinates"":[]}"
186,18600.0,29.0,532027.4559193754,"{""type"":""MultiPoint"",""coordinates"":[]}"
187,18700.0,37.0,689837.8247086406,"{""type"":""MultiPoint"",""coordinates"":[]}"
188,18800.0,36.0,674857.3735414336,"{""type"":""MultiPoint"",""coordinates"":[]}"
189,18900.0,27.0,497933.0357112908,"{""type"":""MultiPoint"",""coordinates"":[]}"
190,19000.0,39.0,736238.6107843855,"{""type"":""MultiPoint"",""coordinates"":[]}"
191,19100.0,36.0,685438.5684663132,"{""type"":""MultiPoint"",""coordinates"":[]}"
192,19200.0,36.0,687721.2841459936,"{""type"":""MultiPoint"",""coordinates"":[]}"
193,19300.0,31.0,576293.1700524895,"{""type"":""MultiPoint"",""coordinates"":[]}"
194,19400.0,26.0,502440.6787438503,"{""type"":""MultiPoint"",""coordinates"":[]}"
195,19500.0,24.0,466762.7072995454,"{""type"":""MultiPoint"",""coordinates"":[]}"
196,19600.0,31.0,597135.4826604677,"{""type"":""MultiPoint"",""coordinates"":[]}"
197,19700.0,29.0,570108.8231035601,"{""type"":""MultiPoint"",""coordinates"":[]}"
198,19800.0,26.0,508944.5069902945,"{""type"":""MultiPoint"",""coordinates"":[]}"
199,19900.0,25.0,496405.3879705239,"{""type"":""MultiPoint"",""coordinates"":[]}"
200,20000.0,27.0,537829.7320395062,"{""type"":""MultiPoint"",""coordinates"":[]}"
201,20100.0,28.0,557120.6040625735,"{""type"":""MultiPoint"",""coordinates"":[]}"
202,20200.0,26.0,523780.6799740195,"{""type"":""MultiPoint"",""coordinates"":[]}"
203,20300.0,29.0,584755.0189791828,"{""type"":""MultiPoint"",""coordinates"":[]}"
204,20400.0,18.0,365075.3136272457,"{""type"":""MultiPoint"",""coordinates"":[]}"
205,20500.0,25.0,511282.7256654226,"{""type"":""MultiPoint"",""coordinates"":[]}"
206,20600.0,16.0,327642.158193895,"{""type"":""MultiPoint"",""coordinates"":[]}"
207,20700.0,27.0,557691.7353178626,"{""type"":""MultiPoint"",""coordinates"":[]}"
208,20800.0,23.0,473732.42728070583,"{""type"":""MultiPoint"",""coordinates"":[]}"
209,20900.0,27.0,561469.5405004884,"{""type"":""MultiPoint"",""coordinates"":[]}"
210,21000.0,22.0,460169.0465614303,"{""type"":""MultiPoint"",""coordinates"":[]}"
211,21100.0,23.0,482698.1731036963,"{""type"":""MultiPoint"",""coordinates"":[]}"
212,21200.0,20.0,423197.81041776575,"{""type"":""MultiPoint"",""coordinates"":[]}"
213,21300.0,25.0,531193.3900327627,"{""type"":""MultiPoint"",""coordinates"":[]}"
214,21400.0,16.0,341496.7181362957,"{""type"":""MultiPoint"",""coordinates"":[]}"
215,21500.0,20.0,426830.73410237004,"{""type"":""MultiPoint"",""coordinates"":[]}"
216,21600.0,18.0,387764.76209374366,"{""type"":""MultiPoint"",""coordinates"":[]}"
217,21700.0,17.0,367956.5744109154,"{""type"":""MultiPoint"",""coordinates"":[]}"
218,21800.0,26.0,560359.978943737,"{""type"":""MultiPoint"",""coordinates"":[]}"
219,21900.0,8.0,174826.16097912192,"{""type"":""MultiPoint"",""coordinates"":[]}"
220,22000.0,16.0,351315.71998873353,"{""type"":""MultiPoint"",""coordinates"":[]}"
221,22100.0,18.0,396870.7285338007,"{""type"":""MultiPoint"",""coordinates"":[]}"
222,22200.0,26.0,558473.4888105815,"{""type"":""MultiPoint"",""coordinates"":[]}"
223,22300.0,16.0,346779.5681034182,"{""type"":""MultiPoint"",""coordinates"":[]}"
224,22400.0,18.0,393564.8971007534,"{""type"":""MultiPoint"",""coordinates"":[]}"
225,22500.0,17.0,381623.3845489323,"{""type"":""MultiPoint"",""coordinates"":[]}"
226,22600.0,17.0,383105.90253972635,"{""type"":""MultiPoint"",""coordinates"":[]}"
227,22700.0,14.0,310197.2212181247,"{""type"":""MultiPoint"",""coordinates"":[]}"
228,22800.0,32.0,723480.1806253302,"{""type"":""MultiPoint"",""coordinates"":[]}"
229,22900.0,17.0,388426.44787818193,"{""type"":""MultiPoint"",""coordinates"":[]}"
230,23000.0,14.0,317755.12725135393,"{""type"":""MultiPoint"",""coordinates"":[]}"
231,23100.0,16.0,368928.76733593014,"{""type"":""MultiPoint"",""coordinates"":[]}"
232,23200.0,17.0,393763.36963300034,"{""type"":""MultiPoint"",""coordinates"":[]}"
233,23300.0,16.0,371988.6983053908,"{""type"":""MultiPoint"",""coordinates"":[]}"
234,23400.0,14.0,327029.18061898276,"{""type"":""MultiPoint"",""coordinates"":[]}"
235,23500.0,17.0,398590.4413567409,"{""type"":""MultiPoint"",""coordinates"":[]}"
236,23600.0,16.0,376739.39740586467,"{""type"":""MultiPoint"",""coordinates"":[]}"
237,23700.0,17.0,402088.16012722254,"{""type"":""MultiPoint"",""coordinates"":[]}"
238,23800.0,13.0,308839.98206831515,"{""type"":""MultiPoint"",""coordinates"":[]}"
239,23900.0,11.0,260811.50620726182,"{""type"":""MultiPoint"",""coordinates"":[]}"
240,24000.0,12.0,287301.5074011786,"{""type"":""MultiPoint"",""coordinates"":[]}"
241,24100.0,22.0,528824.2157250494,"{""type"":""MultiPoint"",""coordinates"":[]}"
242,24200.0,13.0,314051.4064787738,"{""type"":""MultiPoint"",""coordinates"":[]}"
243,24300.0,15.0,360898.7232401348,"{""type"":""MultiPoint"",""coordinates"":[]}"
244,24400.0,19.0,462898.13394573145,"{""type"":""MultiPoint"",""coordinates"":[]}"
245,24500.0,17.0,415423.06752701476,"{""type"":""MultiPoint"",""coordinates"":[]}"
246,24600.0,13.0,319086.51811347157,"{""type"":""MultiPoint"",""coordinates"":[]}"
247,24700.0,8.0,197171.4869084917,"{""type"":""MultiPoint"",""coordinates"":[]}"
248,24800.0,13.0,321791.5613821307,"{""type"":""MultiPoint"",""coordinates"":[]}"
249,24900.0,15.0,371545.3559222956,"{""type"":""MultiPoint"",""coordinates"":[]}"
250,25000.0,5.0,124757.6160812378,"{""type"":""MultiPoint"",""coordinates"":[]}"
251,25100.0,10.0,250466.66107687354,"{""type"":""MultiPoint"",""coordinates"":[]}"
252,25200.0,14.0,352086.60479435604,"{""type"":""MultiPoint"",""coordinates"":[]}"
253,25300.0,14.0,353546.81365669705,"{""type"":""MultiPoint"",""coordinates"":[]}"
254,25400.0,7.0,177488.055687882,"{""type"":""MultiPoint"",""coordinates"":[]}"
255,25500.0,13.0,328090.5109660147,"{""type"":""MultiPoint"",""coordinates"":[]}"
256,25600.0,7.0,178857.12039427087,"{""type"":""MultiPoint"",""coordinates"":[]}"
257,25700.0,7.0,179635.16322532296,"{""type"":""MultiPoint"",""coordinates"":[]}"
258,25800.0,12.0,306827.52843601635,"{""type"":""MultiPoint"",""coordinates"":[]}"
259,25900.0,5.0,129350.63935565948,"{""type"":""MultiPoint"",""coordinates"":[]}"
260,26000.0,14.0,360301.1359632421,"{""type"":""MultiPoint"",""coordinates"":[]}"
261,26100.0,13.0,338788.9036044441,"{""type"":""MultiPoint"",""coordinates"":[]}"
262,26200.0,7.0,183136.25407898426,"{""type"":""MultiPoint"",""coordinates"":[]}"
263,26300.0,9.0,236378.50503861904,"{""type"":""MultiPoint"",""coordinates"":[]}"
264,26400.0,9.0,232164.48056891977,"{""type"":""MultiPoint"",""coordinates"":[]}"
265,26500.0,4.0,105879.92689513415,"{""type"":""MultiPoint"",""coordinates"":[]}"
266,26600.0,8.0,209663.15249281397,"{""type"":""MultiPoint"",""coordinates"":[]}"
267,26700.0,3.0,71247.61524587986,"{""type"":""MultiPoint"",""coordinates"":[]}"
268,26800.0,9.0,240721.60808128864,"{""type"":""MultiPoint"",""coordinates"":[]}"
269,26900.0,10.0,267205.5077144044,"{""type"":""MultiPoint"",""coordinates"":[]}"
270,27000.0,8.0,215547.20291882753,"{""type"":""MultiPoint"",""coordinates"":[]}"
271,27100.0,9.0,243439.08965525404,"{""type"":""MultiPoint"",""coordinates"":[]}"
272,27200.0,4.0,107952.27785398974,"{""type"":""MultiPoint"",""coordinates"":[]}"
273,27300.0,7.0,190769.24087911844,"{""type"":""MultiPoint"",""coordinates"":[]}"
274,27400.0,2.0,54741.27178192139,"{""type"":""MultiPoint"",""coordinates"":[]}"
275,27500.0,4.0,109706.46841176599,"{""type"":""MultiPoint"",""coordinates"":[]}"
276,27600.0,6.0,158619.07892802317,"{""type"":""MultiPoint"",""coordinates"":[]}"
277,27700.0,9.0,248648.20073991828,"{""type"":""MultiPoint"",""coordinates"":[]}"
278,27800.0,8.0,222028.59333610535,"{""type"":""MultiPoint"",""coordinates"":[]}"
279,27900.0,13.0,361921.98115850985,"{""type"":""MultiPoint"",""coordinates"":[]}"
280,28000.0,6.0,166222.9880399476,"{""type"":""MultiPoint"",""coordinates"":[]}"
281,28100.0,4.0,112197.8312804699,"{""type"":""MultiPoint"",""coordinates"":[]}"
282,28200.0,3.0,84467.74573516846,"{""type"":""MultiPoint"",""coordinates"":[]}"
283,28300.0,6.0,169387.74259153754,"{""type"":""MultiPoint"",""coordinates"":[]}"
284,28400.0,4.0,113421.2402729094,"{""type"":""MultiPoint"",""coordinates"":[]}"
285,28500.0,10.0,284602.6172665488,"{""type"":""MultiPoint"",""coordinates"":[]}"
286,28600.0,9.0,256722.6819042936,"{""type"":""MultiPoint"",""coordinates"":[]}"
287,28700.0,4.0,110699.3569772184,"{""type"":""MultiPoint"",""coordinates"":[]}"
288,28800.0,3.0,86270.27631486207,"{""type"":""MultiPoint"",""coordinates"":[]}"
289,28900.0,3.0,86605.9373138845,"{""type"":""MultiPoint"",""coordinates"":[]}"
290,29000.0,4.0,106966.20364376408,"{""type"":""MultiPoint"",""coordinates"":[]}"
291,29100.0,7.0,201068.72908541816,"{""type"":""MultiPoint"",""coordinates"":[]}"
292,29200.0,4.0,116703.90529632568,"{""type"":""MultiPoint"",""coordinates"":[]}"
293,29300.0,5.0,146172.41038438678,"{""type"":""MultiPoint"",""coordinates"":[]}"
294,29400.0,7.0,205389.01059143245,"{""type"":""MultiPoint"",""coordinates"":[]}"
295,29500.0,10.0,294621.86637953855,"{""type"":""MultiPoint"",""coordinates"":[]}"
296,29600.0,1.0,29587.800495147705,"{""type"":""MultiPoint"",""coordinates"":[]}"
297,29700.0,1.0,29634.055262371898,"{""type"":""MultiPoint"",""coordinates"":[]}"
298,29800.0,6.0,178415.08871412277,"{""type"":""MultiPoint"",""coordinates"":[]}"
299,29900.0,4.0,119456.19513261318,"{""type"":""MultiPoint"",""coordinates"":[]}"
300,30000.0,4.0,119799.00971031189,"{""type"":""MultiPoint"",""coordinates"":[]}"
301,30100.0,4.0,120240.43958964944,"{""type"":""MultiPoint"",""coordinates"":[]}"
302,30200.0,4.0,120718.18580555543,"{""type"":""MultiPoint"",""coordinates"":[]}"
303,30300.0,3.0,90706.07189464569,"{""type"":""MultiPoint"",""coordinates"":[]}"
304,30400.0,3.0,91053.55213291943,"{""type"":""MultiPoint"",""coordinates"":[]}"
305,30500.0,1.0,29232.80861073148,"{""type"":""MultiPoint"",""coordinates"":[]}"
306,30600.0,3.0,91571.77227720618,"{""type"":""MultiPoint"",""coordinates"":[]}"
307,30700.0,3.0,91952.821352005,"{""type"":""MultiPoint"",""coordinates"":[]}"
308,30800.0,3.0,92220.88633297011,"{""type"":""MultiPoint"",""coordinates"":[]}"
309,30900.0,6.0,184980.79447874977,"{""type"":""MultiPoint"",""coordinates"":[]}"
310,31000.0,3.0,92907.8161354065,"{""type"":""MultiPoint"",""coordinates"":[]}"
311,31100.0,3.0,93176.75657844543,"{""type"":""MultiPoint"",""coordinates"":[]}"
312,31200.0,3.0,93405.27250295877,"{""type"":""MultiPoint"",""coordinates"":[]}"
313,31300.0,3.0,93792.3403674066,"{""type"":""MultiPoint"",""coordinates"":[]}"
314,31500.0,4.0,122305.02560657386,"{""type"":""MultiPoint"",""coordinates"":[]}"
315,31600.0,1.0,31573.697463989258,"{""type"":""MultiPoint"",""coordinates"":[]}"
316,31700.0,4.0,126464.88814353943,"{""type"":""MultiPoint"",""coordinates"":[]}"
317,31800.0,2.0,63448.38770484924,"{""type"":""MultiPoint"",""coordinates"":[]}"
318,31900.0,2.0,63745.67596244812,"{""type"":""MultiPoint"",""coordinates"":[]}"
319,32100.0,6.0,192297.86537325382,"{""type"":""MultiPoint"",""coordinates"":[]}"
320,32200.0,2.0,64333.01071488857,"{""type"":""MultiPoint"",""coordinates"":[]}"
321,32300.0,2.0,64442.92808294296,"{""type"":""MultiPoint"",""coordinates"":[]}"
322,32500.0,5.0,162197.54021441936,"{""type"":""MultiPoint"",""coordinates"":[]}"
323,32800.0,2.0,65482.4046227932,"{""type"":""MultiPoint"",""coordinates"":[]}"
324,32900.0,6.0,197015.68427960202,"{""type"":""MultiPoint"",""coordinates"":[]}"
325,33000.0,2.0,65947.58310699463,"{""type"":""MultiPoint"",""coordinates"":[]}"
326,33100.0,1.0,33086.634338378906,"{""type"":""MultiPoint"",""coordinates"":[]}"
327,33200.0,1.0,33198.31674194336,"{""type"":""MultiPoint"",""coordinates"":[]}"
328,33300.0,3.0,99812.06077373773,"{""type"":""MultiPoint"",""coordinates"":[]}"
329,33400.0,2.0,66646.69144946337,"{""type"":""MultiPoint"",""coordinates"":[]}"
330,33700.0,2.0,67310.31934928894,"{""type"":""MultiPoint"",""coordinates"":[]}"
331,33800.0,2.0,63494.585186615,"{""type"":""MultiPoint"",""coordinates"":[]}"
332,33900.0,2.0,55106.74366441106,"{""type"":""MultiPoint"",""coordinates"":[]}"
333,34000.0,1.0,33955.40522098541,"{""type"":""MultiPoint"",""coordinates"":[]}"
334,34100.0,4.0,136314.10392308235,"{""type"":""MultiPoint"",""coordinates"":[]}"
335,34200.0,2.0,68317.78346170485,"{""type"":""MultiPoint"",""coordinates"":[]}"
336,34500.0,1.0,34467.90088838339,"{""type"":""MultiPoint"",""coordinates"":[]}"
337,34600.0,2.0,62451.45871390501,"{""type"":""MultiPoint"",""coordinates"":[]}"
338,34700.0,1.0,34684.67318725586,"{""type"":""MultiPoint"",""coordinates"":[]}"
339,34800.0,1.0,34710.52271080017,"{""type"":""MultiPoint"",""coordinates"":[]}"
340,35000.0,4.0,139831.2290582806,"{""type"":""MultiPoint"",""coordinates"":[]}"
341,35100.0,1.0,35044.09036254883,"{""type"":""MultiPoint"",""coordinates"":[]}"
342,35200.0,4.0,140568.4347987082,"{""type"":""MultiPoint"",""coordinates"":[]}"
343,35300.0,1.0,35206.4613173008,"{""type"":""MultiPoint"",""coordinates"":[]}"
344,35400.0,1.0,35375.815200805664,"{""type"":""MultiPoint"",""coordinates"":[]}"
345,35500.0,2.0,70902.46283435822,"{""type"":""MultiPoint"",""coordinates"":[]}"
346,35700.0,1.0,35614.75386810303,"{""type"":""MultiPoint"",""coordinates"":[]}"
347,35800.0,2.0,71564.70107126236,"{""type"":""MultiPoint"",""coordinates"":[]}"
348,35900.0,2.0,71683.8960570842,"{""type"":""MultiPoint"",""coordinates"":[]}"
349,36000.0,1.0,35994.35227884352,"{""type"":""MultiPoint"",""coordinates"":[]}"
350,36100.0,3.0,108143.13802349567,"{""type"":""MultiPoint"",""coordinates"":[]}"
351,36200.0,2.0,72353.63849067688,"{""type"":""MultiPoint"",""coordinates"":[]}"
352,36300.0,1.0,36250.40741729736,"{""type"":""MultiPoint"",""coordinates"":[]}"
353,36400.0,1.0,36367.174880981445,"{""type"":""MultiPoint"",""coordinates"":[]}"
354,36500.0,2.0,72938.79198241234,"{""type"":""MultiPoint"",""coordinates"":[]}"
355,36700.0,2.0,73192.53124357673,"{""type"":""MultiPoint"",""coordinates"":[]}"
356,36800.0,1.0,36793.95802307129,"{""type"":""MultiPoint"",""coordinates"":[]}"
357,36900.0,1.0,36816.08756637573,"{""type"":""MultiPoint"",""coordinates"":[]}"
358,37200.0,1.0,37112.296447753906,"{""type"":""MultiPoint"",""coordinates"":[]}"
359,37400.0,3.0,112121.98088669777,"{""type"":""MultiPoint"",""coordinates"":[]}"
360,37600.0,2.0,75062.17622566223,"{""type"":""MultiPoint"",""coordinates"":[]}"
361,37700.0,2.0,75239.51249370724,"{""type"":""MultiPoint"",""coordinates"":[]}"
362,37800.0,1.0,37734.69705969095,"{""type"":""MultiPoint"",""coordinates"":[]}"
363,37900.0,1.0,37893.74574279785,"{""type"":""MultiPoint"",""coordinates"":[]}"
364,38100.0,2.0,76052.83584213257,"{""type"":""MultiPoint"",""coordinates"":[]}"
365,38400.0,1.0,38348.589431762695,"{""type"":""MultiPoint"",""coordinates"":[]}"
366,38500.0,1.0,38461.41099828482,"{""type"":""MultiPoint"",""coordinates"":[]}"
367,38600.0,1.0,38548.507539749146,"{""type"":""MultiPoint"",""coordinates"":[]}"
368,38800.0,1.0,38724.37950897217,"{""type"":""MultiPoint"",""coordinates"":[]}"
369,38900.0,1.0,38853.525273159146,"{""type"":""MultiPoint"",""coordinates"":[]}"
370,39100.0,2.0,78124.87119674683,"{""type"":""MultiPoint"",""coordinates"":[]}"
371,39300.0,3.0,117875.00278580189,"{""type"":""MultiPoint"",""coordinates"":[]}"
372,39400.0,1.0,39342.65287399292,"{""type"":""MultiPoint"",""coordinates"":[]}"
373,39500.0,2.0,78871.26112401485,"{""type"":""MultiPoint"",""coordinates"":[]}"
374,39600.0,1.0,39542.30588531494,"{""type"":""MultiPoint"",""coordinates"":[]}"
375,39700.0,1.0,39698.87160491943,"{""type"":""MultiPoint"",""coordinates"":[]}"
376,39800.0,3.0,119157.80122756958,"{""type"":""MultiPoint"",""coordinates"":[]}"
377,39900.0,2.0,74499.83374105455,"{""type"":""MultiPoint"",""coordinates"":[]}"
378,40200.0,1.0,40117.68470314145,"{""type"":""MultiPoint"",""coordinates"":[]}"
379,40300.0,1.0,40222.030838012695,"{""type"":""MultiPoint"",""coordinates"":[]}"
380,40400.0,2.0,80740.94371697307,"{""type"":""MultiPoint"",""coordinates"":[]}"
381,40500.0,2.0,80582.93734357366,"{""type"":""MultiPoint"",""coordinates"":[]}"
382,41000.0,1.0,40923.975662231445,"{""type"":""MultiPoint"",""coordinates"":[]}"
383,41400.0,1.0,41313.020904541016,"{""type"":""MultiPoint"",""coordinates"":[]}"
384,41500.0,1.0,41496.13625049591,"{""type"":""MultiPoint"",""coordinates"":[]}"
385,41600.0,1.0,31131.184162334368,"{""type"":""MultiPoint"",""coordinates"":[]}"
386,41700.0,1.0,41661.37943649292,"{""type"":""MultiPoint"",""coordinates"":[]}"
387,42200.0,2.0,84277.66869547963,"{""type"":""MultiPoint"",""coordinates"":[]}"
388,42600.0,1.0,42518.51887512207,"{""type"":""MultiPoint"",""coordinates"":[]}"
389,42800.0,1.0,42757.259470939636,"{""type"":""MultiPoint"",""coordinates"":[]}"
390,42900.0,1.0,42885.38062667847,"{""type"":""MultiPoint"",""coordinates"":[]}"
391,43000.0,2.0,85896.34398972988,"{""type"":""MultiPoint"",""coordinates"":[]}"
392,43300.0,1.0,43264.45775985718,"{""type"":""MultiPoint"",""coordinates"":[]}"
393,43600.0,1.0,43590.15650177002,"{""type"":""MultiPoint"",""coordinates"":[]}"
394,43900.0,1.0,41581.14498287802,"{""type"":""MultiPoint"",""coordinates"":[]}"
395,45300.0,1.0,45247.89915847778,"{""type"":""MultiPoint"",""coordinates"":[]}"
396,45400.0,2.0,90712.1125087738,"{""type"":""MultiPoint"",""coordinates"":[]}"
397,45500.0,1.0,44553.25630786372,"{""type"":""MultiPoint"",""coordinates"":[]}"
398,45800.0,1.0,45735.92945719999,"{""type"":""MultiPoint"",""coordinates"":[]}"
399,46200.0,1.0,46113.08827209473,"{""type"":""MultiPoint"",""coordinates"":[]}"
400,46400.0,2.0,92668.08222699165,"{""type"":""MultiPoint"",""coordinates"":[]}"
401,46500.0,1.0,46417.596588134766,"{""type"":""MultiPoint"",""coordinates"":[]}"
402,46600.0,1.0,46579.50077819824,"{""type"":""MultiPoint"",""coordinates"":[]}"
403,46900.0,1.0,46807.01091003418,"{""type"":""MultiPoint"",""coordinates"":[]}"
404,47100.0,1.0,47092.82075500488,"{""type"":""MultiPoint"",""coordinates"":[]}"
405,47400.0,2.0,93078.64702038205,"{""type"":""MultiPoint"",""coordinates"":[]}"
406,47500.0,1.0,47456.74958884716,"{""type"":""MultiPoint"",""coordinates"":[]}"
407,47600.0,1.0,47570.32897955924,"{""type"":""MultiPoint"",""coordinates"":[]}"
408,47700.0,1.0,47638.63547897339,"{""type"":""MultiPoint"",""coordinates"":[]}"
409,47900.0,1.0,47827.68525314331,"{""type"":""MultiPoint"",""coordinates"":[]}"
410,48200.0,1.0,48147.92459899187,"{""type"":""MultiPoint"",""coordinates"":[]}"
411,48600.0,1.0,48526.376875038026,"{""type"":""MultiPoint"",""coordinates"":[]}"
412,48800.0,1.0,48788.65640346706,"{""type"":""MultiPoint"",""coordinates"":[]}"
413,48900.0,1.0,48841.77056980133,"{""type"":""MultiPoint"",""coordinates"":[]}"
414,49400.0,1.0,49387.12334169913,"{""type"":""MultiPoint"",""coordinates"":[]}"
415,50200.0,1.0,50104.180488586426,"{""type"":""MultiPoint"",""coordinates"":[]}"
416,50700.0,1.0,50687.80619430542,"{""type"":""MultiPoint"",""coordinates"":[]}"
417,51000.0,1.0,50953.8317861557,"{""type"":""MultiPoint"",""coordinates"":[]}"
418,51300.0,1.0,51269.48184251785,"{""type"":""MultiPoint"",""coordinates"":[]}"
419,53400.0,1.0,53370.78176116943,"{""type"":""MultiPoint"",""coordinates"":[]}"
420,54100.0,1.0,54038.29639303684,"{""type"":""MultiPoint"",""coordinates"":[]}"
421,54900.0,1.0,54802.70330810547,"{""type"":""MultiPoint"",""coordinates"":[]}"
422,55100.0,1.0,55029.174616754055,"{""type"":""MultiPoint"",""coordinates"":[]}"
423,61400.0,1.0,61300.178283691406,"{""type"":""MultiPoint"",""coordinates"":[]}"
424,63000.0,1.0,62998.302451491356,"{""type"":""MultiPoint"",""coordinates"":[]}"
425,98200.0,1.0,21550.141559436273,"{""type"":""MultiPoint"",""coordinates"":[]}"
426,98800.0,1.0,98713.02221798897,"{""type"":""MultiPoint"",""coordinates"":[]}"
427,153800.0,1.0,69350.55593034333,"{""type"":""MultiPoint"",""coordinates"":[]}"
428,182000.0,1.0,159797.54167145374,"{""type"":""MultiPoint"",""coordinates"":[]}"
