system:index,Bin,TotalCellCount,TotalPopulationSum,.geo
0,0.0,2.0407471133333318E7,2.0739742206499986E7,"{""type"":""MultiPoint"",""coordinates"":[]}"
1,100.0,3601230.1647058823,3.340613417198671E8,"{""type"":""MultiPoint"",""coordinates"":[]}"
2,200.0,518762.34117647033,1.8294197968446246E8,"{""type"":""MultiPoint"",""coordinates"":[]}"
3,300.0,260868.1411764706,1.3080857615555692E8,"{""type"":""MultiPoint"",""coordinates"":[]}"
4,400.0,159091.83921568625,1.0081693197896178E8,"{""type"":""MultiPoint"",""coordinates"":[]}"
5,500.0,106588.16862745094,8.225843398740166E7,"{""type"":""MultiPoint"",""coordinates"":[]}"
6,600.0,76378.39607843138,6.783232960914573E7,"{""type"":""MultiPoint"",""coordinates"":[]}"
7,700.0,57788.400000000016,5.906646377004722E7,"{""type"":""MultiPoint"",""coordinates"":[]}"
8,800.0,45376.47058823531,5.211072895404729E7,"{""type"":""MultiPoint"",""coordinates"":[]}"
9,900.0,36341.83529411765,4.6195857461481474E7,"{""type"":""MultiPoint"",""coordinates"":[]}"
10,1000.0,29698.803921568626,4.168257027877951E7,"{""type"":""MultiPoint"",""coordinates"":[]}"
11,1100.0,24472.39215686275,3.7142923529781155E7,"{""type"":""MultiPoint"",""coordinates"":[]}"
12,1200.0,20805.525490196076,3.378395519482651E7,"{""type"":""MultiPoint"",""coordinates"":[]}"
13,1300.0,18026.478431372547,3.230671061323285E7,"{""type"":""MultiPoint"",""coordinates"":[]}"
14,1400.0,15816.55294117647,2.967130762196325E7,"{""type"":""MultiPoint"",""coordinates"":[]}"
15,1500.0,13613.780392156867,2.7484679350661427E7,"{""type"":""MultiPoint"",""coordinates"":[]}"
16,1600.0,12079.996078431373,2.556965936541368E7,"{""type"":""MultiPoint"",""coordinates"":[]}"
17,1700.0,10634.717647058822,2.405099353115947E7,"{""type"":""MultiPoint"",""coordinates"":[]}"
18,1800.0,9762.38823529412,2.3776953311448637E7,"{""type"":""MultiPoint"",""coordinates"":[]}"
19,1900.0,8614.960784313726,2.170107674506561E7,"{""type"":""MultiPoint"",""coordinates"":[]}"
20,2000.0,7911.521568627452,2.1080960386100795E7,"{""type"":""MultiPoint"",""coordinates"":[]}"
21,2100.0,7108.290196078433,1.962250128500281E7,"{""type"":""MultiPoint"",""coordinates"":[]}"
22,2200.0,6293.105882352941,1.8116073723209597E7,"{""type"":""MultiPoint"",""coordinates"":[]}"
23,2300.0,5843.807843137256,1.7752050750814978E7,"{""type"":""MultiPoint"",""coordinates"":[]}"
24,2400.0,5578.054901960783,1.7373850820681624E7,"{""type"":""MultiPoint"",""coordinates"":[]}"
25,2500.0,5074.78823529412,1.633225690332725E7,"{""type"":""MultiPoint"",""coordinates"":[]}"
26,2600.0,4621.435294117647,1.585785936365651E7,"{""type"":""MultiPoint"",""coordinates"":[]}"
27,2700.0,4317.756862745098,1.5030959522446703E7,"{""type"":""MultiPoint"",""coordinates"":[]}"
28,2800.0,3989.270588235294,1.4303552184496624E7,"{""type"":""MultiPoint"",""coordinates"":[]}"
29,2900.0,3738.231372549019,1.3891490931958977E7,"{""type"":""MultiPoint"",""coordinates"":[]}"
30,3000.0,3561.76862745098,1.3273324854852399E7,"{""type"":""MultiPoint"",""coordinates"":[]}"
31,3100.0,3350.0039215686274,1.3164854527254688E7,"{""type"":""MultiPoint"",""coordinates"":[]}"
32,3200.0,3161.9686274509795,1.2592486706360715E7,"{""type"":""MultiPoint"",""coordinates"":[]}"
33,3300.0,2897.0745098039215,1.2214910877025448E7,"{""type"":""MultiPoint"",""coordinates"":[]}"
34,3400.0,2699.4823529411765,1.106549457597473E7,"{""type"":""MultiPoint"",""coordinates"":[]}"
35,3500.0,2562.5529411764705,1.1254283827191548E7,"{""type"":""MultiPoint"",""coordinates"":[]}"
36,3600.0,2414.588235294117,1.1114716490180768E7,"{""type"":""MultiPoint"",""coordinates"":[]}"
37,3700.0,2267.572549019608,1.0265228579055475E7,"{""type"":""MultiPoint"",""coordinates"":[]}"
38,3800.0,2134.235294117647,1.0286259026481375E7,"{""type"":""MultiPoint"",""coordinates"":[]}"
39,3900.0,2058.5333333333333,1.0021080161799928E7,"{""type"":""MultiPoint"",""coordinates"":[]}"
40,4000.0,2012.223529411765,1.0012997463241069E7,"{""type"":""MultiPoint"",""coordinates"":[]}"
41,4100.0,1990.176470588236,1.0540788354193222E7,"{""type"":""MultiPoint"",""coordinates"":[]}"
42,4200.0,1842.4705882352941,9696137.58903181,"{""type"":""MultiPoint"",""coordinates"":[]}"
43,4300.0,1788.5725490196078,9647587.031289808,"{""type"":""MultiPoint"",""coordinates"":[]}"
44,4400.0,1593.7843137254906,8696397.806342334,"{""type"":""MultiPoint"",""coordinates"":[]}"
45,4500.0,1577.0823529411766,8764217.754017614,"{""type"":""MultiPoint"",""coordinates"":[]}"
46,4600.0,1471.1999999999996,7749152.392628058,"{""type"":""MultiPoint"",""coordinates"":[]}"
47,4700.0,1478.113725490196,8569589.876591872,"{""type"":""MultiPoint"",""coordinates"":[]}"
48,4800.0,1400.313725490196,8574376.572513169,"{""type"":""MultiPoint"",""coordinates"":[]}"
49,4900.0,1317.4156862745097,7791215.017070042,"{""type"":""MultiPoint"",""coordinates"":[]}"
50,5000.0,1306.7882352941178,7862582.632139825,"{""type"":""MultiPoint"",""coordinates"":[]}"
51,5100.0,1181.6392156862748,7451007.098230384,"{""type"":""MultiPoint"",""coordinates"":[]}"
52,5200.0,1216.870588235294,7871721.313541319,"{""type"":""MultiPoint"",""coordinates"":[]}"
53,5300.0,1153.0549019607843,7542561.852310029,"{""type"":""MultiPoint"",""coordinates"":[]}"
54,5400.0,1087.0117647058826,6834019.897666896,"{""type"":""MultiPoint"",""coordinates"":[]}"
55,5500.0,1104.9450980392155,7216344.951519813,"{""type"":""MultiPoint"",""coordinates"":[]}"
56,5600.0,1002.4588235294118,6578369.034697773,"{""type"":""MultiPoint"",""coordinates"":[]}"
57,5700.0,950.7803921568628,6460255.828524898,"{""type"":""MultiPoint"",""coordinates"":[]}"
58,5800.0,972.2745098039215,6816271.798984857,"{""type"":""MultiPoint"",""coordinates"":[]}"
59,5900.0,953.2274509803922,6676128.171366053,"{""type"":""MultiPoint"",""coordinates"":[]}"
60,6000.0,835.0941176470587,6235545.665475884,"{""type"":""MultiPoint"",""coordinates"":[]}"
61,6100.0,821.8588235294118,5880750.91415731,"{""type"":""MultiPoint"",""coordinates"":[]}"
62,6200.0,853.3098039215687,6718507.9871034585,"{""type"":""MultiPoint"",""coordinates"":[]}"
63,6300.0,815.3803921568626,5922851.490629503,"{""type"":""MultiPoint"",""coordinates"":[]}"
64,6400.0,822.3450980392157,6400728.727009245,"{""type"":""MultiPoint"",""coordinates"":[]}"
65,6500.0,736.6196078431371,5943830.818101839,"{""type"":""MultiPoint"",""coordinates"":[]}"
66,6600.0,751.5607843137254,5734396.587102884,"{""type"":""MultiPoint"",""coordinates"":[]}"
67,6700.0,757.2705882352941,6006344.886731098,"{""type"":""MultiPoint"",""coordinates"":[]}"
68,6800.0,650.1215686274511,5364359.522090233,"{""type"":""MultiPoint"",""coordinates"":[]}"
69,6900.0,665.7529411764706,5409982.058956003,"{""type"":""MultiPoint"",""coordinates"":[]}"
70,7000.0,681.3450980392158,5608689.340920138,"{""type"":""MultiPoint"",""coordinates"":[]}"
71,7100.0,660.1843137254903,5492522.293860948,"{""type"":""MultiPoint"",""coordinates"":[]}"
72,7200.0,628.3176470588235,4905061.415789416,"{""type"":""MultiPoint"",""coordinates"":[]}"
73,7300.0,616.5372549019608,5001065.236814746,"{""type"":""MultiPoint"",""coordinates"":[]}"
74,7400.0,575.9686274509804,4897530.086643878,"{""type"":""MultiPoint"",""coordinates"":[]}"
75,7500.0,595.5764705882353,5195260.103654497,"{""type"":""MultiPoint"",""coordinates"":[]}"
76,7600.0,570.270588235294,4942671.50003664,"{""type"":""MultiPoint"",""coordinates"":[]}"
77,7700.0,555.8156862745097,4910575.781182679,"{""type"":""MultiPoint"",""coordinates"":[]}"
78,7800.0,499.21568627450984,4499920.413753217,"{""type"":""MultiPoint"",""coordinates"":[]}"
79,7900.0,518.8470588235293,4895003.866835846,"{""type"":""MultiPoint"",""coordinates"":[]}"
80,8000.0,538.9450980392157,5070098.933376857,"{""type"":""MultiPoint"",""coordinates"":[]}"
81,8100.0,491.7686274509804,4653336.847303344,"{""type"":""MultiPoint"",""coordinates"":[]}"
82,8200.0,486.32941176470587,4866207.015140419,"{""type"":""MultiPoint"",""coordinates"":[]}"
83,8300.0,482.55686274509804,4470243.211270675,"{""type"":""MultiPoint"",""coordinates"":[]}"
84,8400.0,490.57254901960795,4781023.080238139,"{""type"":""MultiPoint"",""coordinates"":[]}"
85,8500.0,464.38823529411764,4432834.4415204115,"{""type"":""MultiPoint"",""coordinates"":[]}"
86,8600.0,427.6117647058823,4423378.132565832,"{""type"":""MultiPoint"",""coordinates"":[]}"
87,8700.0,431.36470588235295,4238220.37514255,"{""type"":""MultiPoint"",""coordinates"":[]}"
88,8800.0,448.42745098039217,4382262.031702494,"{""type"":""MultiPoint"",""coordinates"":[]}"
89,8900.0,443.39607843137253,4542620.043688709,"{""type"":""MultiPoint"",""coordinates"":[]}"
90,9000.0,426.56078431372555,4657970.066059536,"{""type"":""MultiPoint"",""coordinates"":[]}"
91,9100.0,396.9176470588235,3996112.2666631434,"{""type"":""MultiPoint"",""coordinates"":[]}"
92,9200.0,407.9843137254902,4353169.582046506,"{""type"":""MultiPoint"",""coordinates"":[]}"
93,9300.0,369.21568627450984,3988634.835607225,"{""type"":""MultiPoint"",""coordinates"":[]}"
94,9400.0,399.5411764705882,4390250.311093638,"{""type"":""MultiPoint"",""coordinates"":[]}"
95,9500.0,367.5882352941177,3879852.8094510627,"{""type"":""MultiPoint"",""coordinates"":[]}"
96,9600.0,352.79607843137256,4001842.00169607,"{""type"":""MultiPoint"",""coordinates"":[]}"
97,9700.0,390.46666666666664,4141311.1841539443,"{""type"":""MultiPoint"",""coordinates"":[]}"
98,9800.0,362.50588235294117,3922104.164368962,"{""type"":""MultiPoint"",""coordinates"":[]}"
99,9900.0,353.035294117647,3876141.344400511,"{""type"":""MultiPoint"",""coordinates"":[]}"
100,10000.0,320.74901960784314,3554370.4849912124,"{""type"":""MultiPoint"",""coordinates"":[]}"
101,10100.0,300.36470588235295,3349760.17288416,"{""type"":""MultiPoint"",""coordinates"":[]}"
102,10200.0,331.6235294117647,3862900.147882594,"{""type"":""MultiPoint"",""coordinates"":[]}"
103,10300.0,320.5019607843137,3874289.3487771866,"{""type"":""MultiPoint"",""coordinates"":[]}"
104,10400.0,311.9254901960785,3706946.8727559056,"{""type"":""MultiPoint"",""coordinates"":[]}"
105,10500.0,300.7137254901961,3575355.1887570038,"{""type"":""MultiPoint"",""coordinates"":[]}"
106,10600.0,281.67058823529413,3477615.022352225,"{""type"":""MultiPoint"",""coordinates"":[]}"
107,10700.0,267.2627450980392,3088343.08805367,"{""type"":""MultiPoint"",""coordinates"":[]}"
108,10800.0,292.6235294117647,3426295.5608119587,"{""type"":""MultiPoint"",""coordinates"":[]}"
109,10900.0,275.7921568627451,3116001.750128163,"{""type"":""MultiPoint"",""coordinates"":[]}"
110,11000.0,327.7568627450981,4086865.9846549467,"{""type"":""MultiPoint"",""coordinates"":[]}"
111,11100.0,288.22352941176473,3397148.016178533,"{""type"":""MultiPoint"",""coordinates"":[]}"
112,11200.0,264.1921568627451,3180595.053155138,"{""type"":""MultiPoint"",""coordinates"":[]}"
113,11300.0,286.88235294117646,4045559.728036788,"{""type"":""MultiPoint"",""coordinates"":[]}"
114,11400.0,277.42352941176466,3548509.409105876,"{""type"":""MultiPoint"",""coordinates"":[]}"
115,11500.0,261.3294117647059,3225941.359220926,"{""type"":""MultiPoint"",""coordinates"":[]}"
116,11600.0,229.4549019607843,3100396.809686352,"{""type"":""MultiPoint"",""coordinates"":[]}"
117,11700.0,240.20000000000002,3319209.56581666,"{""type"":""MultiPoint"",""coordinates"":[]}"
118,11800.0,221.30196078431376,2856656.665888443,"{""type"":""MultiPoint"",""coordinates"":[]}"
119,11900.0,221.45098039215685,2954532.510338052,"{""type"":""MultiPoint"",""coordinates"":[]}"
120,12000.0,210.37254901960785,2983219.0697032404,"{""type"":""MultiPoint"",""coordinates"":[]}"
121,12100.0,201.5607843137255,2758733.7847627276,"{""type"":""MultiPoint"",""coordinates"":[]}"
122,12200.0,197.15686274509804,2844453.880781303,"{""type"":""MultiPoint"",""coordinates"":[]}"
123,12300.0,204.37647058823526,2899566.6000166866,"{""type"":""MultiPoint"",""coordinates"":[]}"
124,12400.0,191.58039215686273,2593012.5888828095,"{""type"":""MultiPoint"",""coordinates"":[]}"
125,12500.0,192.2,2781325.798563045,"{""type"":""MultiPoint"",""coordinates"":[]}"
126,12600.0,178.3686274509804,2666092.4515001,"{""type"":""MultiPoint"",""coordinates"":[]}"
127,12700.0,192.4470588235294,2725161.337580184,"{""type"":""MultiPoint"",""coordinates"":[]}"
128,12800.0,201.75686274509806,2755751.4073672052,"{""type"":""MultiPoint"",""coordinates"":[]}"
129,12900.0,186.77647058823527,2697622.7912287237,"{""type"":""MultiPoint"",""coordinates"":[]}"
130,13000.0,176.20784313725488,2864945.7306385324,"{""type"":""MultiPoint"",""coordinates"":[]}"
131,13100.0,209.12156862745098,2933806.911928741,"{""type"":""MultiPoint"",""coordinates"":[]}"
132,13200.0,167.60000000000002,2543218.643704136,"{""type"":""MultiPoint"",""coordinates"":[]}"
133,13300.0,169.87843137254902,2426627.297918105,"{""type"":""MultiPoint"",""coordinates"":[]}"
134,13400.0,195.39215686274508,3090300.5675409557,"{""type"":""MultiPoint"",""coordinates"":[]}"
135,13500.0,159.36470588235295,2470176.238553788,"{""type"":""MultiPoint"",""coordinates"":[]}"
136,13600.0,168.82745098039214,2335365.300370276,"{""type"":""MultiPoint"",""coordinates"":[]}"
137,13700.0,164.0,2486019.927248347,"{""type"":""MultiPoint"",""coordinates"":[]}"
138,13800.0,168.07843137254903,2605231.5162242716,"{""type"":""MultiPoint"",""coordinates"":[]}"
139,13900.0,175.89411764705883,2427926.652707666,"{""type"":""MultiPoint"",""coordinates"":[]}"
140,14000.0,169.63529411764705,2421162.695314661,"{""type"":""MultiPoint"",""coordinates"":[]}"
141,14100.0,162.81176470588233,2476395.839326206,"{""type"":""MultiPoint"",""coordinates"":[]}"
142,14200.0,157.9764705882353,2290133.8105241694,"{""type"":""MultiPoint"",""coordinates"":[]}"
143,14300.0,110.87058823529412,1817497.3687456907,"{""type"":""MultiPoint"",""coordinates"":[]}"
144,14400.0,126.83921568627451,1840627.5778988998,"{""type"":""MultiPoint"",""coordinates"":[]}"
145,14500.0,173.35686274509806,3104815.947306019,"{""type"":""MultiPoint"",""coordinates"":[]}"
146,14600.0,132.71764705882353,2035278.7216661249,"{""type"":""MultiPoint"",""coordinates"":[]}"
147,14700.0,130.65882352941176,2210656.786653804,"{""type"":""MultiPoint"",""coordinates"":[]}"
148,14800.0,146.94901960784316,2405836.1923539005,"{""type"":""MultiPoint"",""coordinates"":[]}"
149,14900.0,119.8313725490196,1922398.7689199985,"{""type"":""MultiPoint"",""coordinates"":[]}"
150,15000.0,133.9843137254902,2088652.7634689372,"{""type"":""MultiPoint"",""coordinates"":[]}"
151,15100.0,138.57254901960783,1989094.4621343089,"{""type"":""MultiPoint"",""coordinates"":[]}"
152,15200.0,100.30196078431372,1502112.5661036512,"{""type"":""MultiPoint"",""coordinates"":[]}"
153,15300.0,130.17254901960786,2280440.5568351783,"{""type"":""MultiPoint"",""coordinates"":[]}"
154,15400.0,107.49411764705881,1518067.0653498222,"{""type"":""MultiPoint"",""coordinates"":[]}"
155,15500.0,118.08235294117647,1877905.457429079,"{""type"":""MultiPoint"",""coordinates"":[]}"
156,15600.0,122.3686274509804,2201223.3326957105,"{""type"":""MultiPoint"",""coordinates"":[]}"
157,15700.0,107.44313725490197,1598482.0283715928,"{""type"":""MultiPoint"",""coordinates"":[]}"
158,15800.0,134.79999999999998,2371520.7635888243,"{""type"":""MultiPoint"",""coordinates"":[]}"
159,15900.0,110.87058823529412,1975233.5998274577,"{""type"":""MultiPoint"",""coordinates"":[]}"
160,16000.0,115.12156862745098,1825453.1932499264,"{""type"":""MultiPoint"",""coordinates"":[]}"
161,16100.0,103.9764705882353,1809970.4676558853,"{""type"":""MultiPoint"",""coordinates"":[]}"
162,16200.0,118.08235294117647,1840285.5776320738,"{""type"":""MultiPoint"",""coordinates"":[]}"
163,16300.0,97.8,1613820.8123737785,"{""type"":""MultiPoint"",""coordinates"":[]}"
164,16400.0,100.05490196078432,2018879.982957568,"{""type"":""MultiPoint"",""coordinates"":[]}"
165,16500.0,104.2156862745098,1986794.0032598488,"{""type"":""MultiPoint"",""coordinates"":[]}"
166,16600.0,105.94509803921568,1678274.6558598783,"{""type"":""MultiPoint"",""coordinates"":[]}"
167,16700.0,88.85882352941177,1343889.8821406455,"{""type"":""MultiPoint"",""coordinates"":[]}"
168,16800.0,79.0,1536710.0548566743,"{""type"":""MultiPoint"",""coordinates"":[]}"
169,16900.0,98.62745098039217,1769359.7724309056,"{""type"":""MultiPoint"",""coordinates"":[]}"
170,17000.0,97.95294117647059,1679941.5076335573,"{""type"":""MultiPoint"",""coordinates"":[]}"
171,17100.0,97.49411764705883,1829723.2766164267,"{""type"":""MultiPoint"",""coordinates"":[]}"
172,17200.0,88.06274509803922,1537460.645916228,"{""type"":""MultiPoint"",""coordinates"":[]}"
173,17300.0,87.15294117647059,1655395.9536306004,"{""type"":""MultiPoint"",""coordinates"":[]}"
174,17400.0,90.98039215686275,1625698.1018578329,"{""type"":""MultiPoint"",""coordinates"":[]}"
175,17500.0,84.87843137254902,1374230.6247051118,"{""type"":""MultiPoint"",""coordinates"":[]}"
176,17600.0,81.31764705882352,1276828.0283172647,"{""type"":""MultiPoint"",""coordinates"":[]}"
177,17700.0,83.89803921568627,1408960.796804295,"{""type"":""MultiPoint"",""coordinates"":[]}"
178,17800.0,76.8156862745098,1234555.0688574712,"{""type"":""MultiPoint"",""coordinates"":[]}"
179,17900.0,87.0,1478516.943801776,"{""type"":""MultiPoint"",""coordinates"":[]}"
180,18000.0,86.81960784313725,1906256.2633910666,"{""type"":""MultiPoint"",""coordinates"":[]}"
181,18100.0,79.0,1474371.514844237,"{""type"":""MultiPoint"",""coordinates"":[]}"
182,18200.0,84.73333333333333,1724278.6324597884,"{""type"":""MultiPoint"",""coordinates"":[]}"
183,18300.0,71.38823529411765,1534922.4509841523,"{""type"":""MultiPoint"",""coordinates"":[]}"
184,18400.0,61.82745098039216,1012936.8327579394,"{""type"":""MultiPoint"",""coordinates"":[]}"
185,18500.0,77.0,1381599.868190837,"{""type"":""MultiPoint"",""coordinates"":[]}"
186,18600.0,58.05098039215686,965325.0251024165,"{""type"":""MultiPoint"",""coordinates"":[]}"
187,18700.0,55.11764705882353,1188088.9371961092,"{""type"":""MultiPoint"",""coordinates"":[]}"
188,18800.0,67.49019607843138,1227485.6617737168,"{""type"":""MultiPoint"",""coordinates"":[]}"
189,18900.0,63.90196078431373,1202316.3206591343,"{""type"":""MultiPoint"",""coordinates"":[]}"
190,19000.0,56.97254901960784,1009462.0183415929,"{""type"":""MultiPoint"",""coordinates"":[]}"
191,19100.0,53.44705882352941,936404.3649797377,"{""type"":""MultiPoint"",""coordinates"":[]}"
192,19200.0,54.96862745098039,1110085.9501027185,"{""type"":""MultiPoint"",""coordinates"":[]}"
193,19300.0,52.17647058823529,945543.9948206228,"{""type"":""MultiPoint"",""coordinates"":[]}"
194,19400.0,61.65098039215687,1068565.0540168504,"{""type"":""MultiPoint"",""coordinates"":[]}"
195,19500.0,61.937254901960785,1159300.9999689609,"{""type"":""MultiPoint"",""coordinates"":[]}"
196,19600.0,50.2,827337.2856895295,"{""type"":""MultiPoint"",""coordinates"":[]}"
197,19700.0,61.0,1024586.1825728994,"{""type"":""MultiPoint"",""coordinates"":[]}"
198,19800.0,63.47843137254902,1298786.340887959,"{""type"":""MultiPoint"",""coordinates"":[]}"
199,19900.0,63.0,1382061.2046737606,"{""type"":""MultiPoint"",""coordinates"":[]}"
200,20000.0,51.58039215686274,1078948.769396809,"{""type"":""MultiPoint"",""coordinates"":[]}"
201,20100.0,50.90196078431372,1120082.0022076238,"{""type"":""MultiPoint"",""coordinates"":[]}"
202,20200.0,55.462745098039214,1118396.7434570026,"{""type"":""MultiPoint"",""coordinates"":[]}"
203,20300.0,56.0,1092827.2251235032,"{""type"":""MultiPoint"",""coordinates"":[]}"
204,20400.0,42.0,892311.6665245416,"{""type"":""MultiPoint"",""coordinates"":[]}"
205,20500.0,54.415686274509795,991098.970242728,"{""type"":""MultiPoint"",""coordinates"":[]}"
206,20600.0,61.0,1102047.2982273768,"{""type"":""MultiPoint"",""coordinates"":[]}"
207,20700.0,41.0,908184.606611371,"{""type"":""MultiPoint"",""coordinates"":[]}"
208,20800.0,46.95294117647059,950017.7874189445,"{""type"":""MultiPoint"",""coordinates"":[]}"
209,20900.0,52.46666666666667,1054937.3061927934,"{""type"":""MultiPoint"",""coordinates"":[]}"
210,21000.0,52.0,891240.0017497216,"{""type"":""MultiPoint"",""coordinates"":[]}"
211,21100.0,57.98039215686275,1184661.6967690215,"{""type"":""MultiPoint"",""coordinates"":[]}"
212,21200.0,36.86274509803921,666223.8242300036,"{""type"":""MultiPoint"",""coordinates"":[]}"
213,21300.0,58.0,1183738.7805503453,"{""type"":""MultiPoint"",""coordinates"":[]}"
214,21400.0,40.0,708621.5373318009,"{""type"":""MultiPoint"",""coordinates"":[]}"
215,21500.0,59.0,1365478.4655102147,"{""type"":""MultiPoint"",""coordinates"":[]}"
216,21600.0,48.588235294117645,875243.459555747,"{""type"":""MultiPoint"",""coordinates"":[]}"
217,21700.0,41.0,942828.0401683808,"{""type"":""MultiPoint"",""coordinates"":[]}"
218,21800.0,42.35686274509804,713855.0285612339,"{""type"":""MultiPoint"",""coordinates"":[]}"
219,21900.0,39.0,680060.3193024043,"{""type"":""MultiPoint"",""coordinates"":[]}"
220,22000.0,56.8156862745098,1122329.5324538806,"{""type"":""MultiPoint"",""coordinates"":[]}"
221,22100.0,38.0,516685.9453964976,"{""type"":""MultiPoint"",""coordinates"":[]}"
222,22200.0,34.0,580690.4263118079,"{""type"":""MultiPoint"",""coordinates"":[]}"
223,22300.0,45.0,636673.9573258981,"{""type"":""MultiPoint"",""coordinates"":[]}"
224,22400.0,43.93333333333333,975147.6901983593,"{""type"":""MultiPoint"",""coordinates"":[]}"
225,22500.0,35.0,852437.948642021,"{""type"":""MultiPoint"",""coordinates"":[]}"
226,22600.0,48.0,1119925.6738002272,"{""type"":""MultiPoint"",""coordinates"":[]}"
227,22700.0,45.0,836205.4513546648,"{""type"":""MultiPoint"",""coordinates"":[]}"
228,22800.0,43.56078431372549,821713.6921983673,"{""type"":""MultiPoint"",""coordinates"":[]}"
229,22900.0,36.88627450980392,785211.8912399663,"{""type"":""MultiPoint"",""coordinates"":[]}"
230,23000.0,43.0,1022371.7013280271,"{""type"":""MultiPoint"",""coordinates"":[]}"
231,23100.0,38.74509803921569,891624.2342447417,"{""type"":""MultiPoint"",""coordinates"":[]}"
232,23200.0,40.0,654328.5118139405,"{""type"":""MultiPoint"",""coordinates"":[]}"
233,23300.0,36.65098039215687,871417.0961099733,"{""type"":""MultiPoint"",""coordinates"":[]}"
234,23400.0,49.0,919213.940566902,"{""type"":""MultiPoint"",""coordinates"":[]}"
235,23500.0,25.0,650009.9044280834,"{""type"":""MultiPoint"",""coordinates"":[]}"
236,23600.0,42.733333333333334,922400.5467756831,"{""type"":""MultiPoint"",""coordinates"":[]}"
237,23700.0,28.0,627943.9977087774,"{""type"":""MultiPoint"",""coordinates"":[]}"
238,23800.0,28.517647058823528,567948.593310236,"{""type"":""MultiPoint"",""coordinates"":[]}"
239,23900.0,37.0,859809.0676366356,"{""type"":""MultiPoint"",""coordinates"":[]}"
240,24000.0,31.827450980392157,611631.3633720798,"{""type"":""MultiPoint"",""coordinates"":[]}"
241,24100.0,31.501960784313727,692713.4526141995,"{""type"":""MultiPoint"",""coordinates"":[]}"
242,24200.0,24.0,585048.4315162366,"{""type"":""MultiPoint"",""coordinates"":[]}"
243,24300.0,28.988235294117647,593996.0494305849,"{""type"":""MultiPoint"",""coordinates"":[]}"
244,24400.0,29.0,550329.1449449072,"{""type"":""MultiPoint"",""coordinates"":[]}"
245,24500.0,24.149019607843137,478262.1052590459,"{""type"":""MultiPoint"",""coordinates"":[]}"
246,24600.0,29.870588235294118,587510.6455599471,"{""type"":""MultiPoint"",""coordinates"":[]}"
247,24700.0,32.82745098039216,565623.4813756727,"{""type"":""MultiPoint"",""coordinates"":[]}"
248,24800.0,39.0,757968.6109839166,"{""type"":""MultiPoint"",""coordinates"":[]}"
249,24900.0,36.0,798363.3711672979,"{""type"":""MultiPoint"",""coordinates"":[]}"
250,25000.0,33.72156862745098,725683.4355320861,"{""type"":""MultiPoint"",""coordinates"":[]}"
251,25100.0,23.968627450980392,513213.896451379,"{""type"":""MultiPoint"",""coordinates"":[]}"
252,25200.0,24.0,480383.3370836559,"{""type"":""MultiPoint"",""coordinates"":[]}"
253,25300.0,31.84313725490196,610052.0827823866,"{""type"":""MultiPoint"",""coordinates"":[]}"
254,25400.0,23.0,462895.4581595864,"{""type"":""MultiPoint"",""coordinates"":[]}"
255,25500.0,26.99607843137255,503490.8891207715,"{""type"":""MultiPoint"",""coordinates"":[]}"
256,25600.0,21.898039215686275,532786.0587582894,"{""type"":""MultiPoint"",""coordinates"":[]}"
257,25700.0,37.8156862745098,1014178.3576602895,"{""type"":""MultiPoint"",""coordinates"":[]}"
258,25800.0,26.0,643016.7212634925,"{""type"":""MultiPoint"",""coordinates"":[]}"
259,25900.0,25.854901960784314,503081.31808503845,"{""type"":""MultiPoint"",""coordinates"":[]}"
260,26000.0,28.858823529411765,688830.3204387894,"{""type"":""MultiPoint"",""coordinates"":[]}"
261,26100.0,24.945098039215686,510916.3139981577,"{""type"":""MultiPoint"",""coordinates"":[]}"
262,26200.0,27.0,585191.3711408414,"{""type"":""MultiPoint"",""coordinates"":[]}"
263,26300.0,21.0,476479.69235428236,"{""type"":""MultiPoint"",""coordinates"":[]}"
264,26400.0,27.101960784313725,740108.3627349157,"{""type"":""MultiPoint"",""coordinates"":[]}"
265,26500.0,20.75294117647059,460028.8278858155,"{""type"":""MultiPoint"",""coordinates"":[]}"
266,26600.0,21.0,579040.592351649,"{""type"":""MultiPoint"",""coordinates"":[]}"
267,26700.0,26.0,734621.6583263427,"{""type"":""MultiPoint"",""coordinates"":[]}"
268,26800.0,21.0,382412.57904093433,"{""type"":""MultiPoint"",""coordinates"":[]}"
269,26900.0,22.109803921568627,498896.44178780576,"{""type"":""MultiPoint"",""coordinates"":[]}"
270,27000.0,38.0,765762.8074244177,"{""type"":""MultiPoint"",""coordinates"":[]}"
271,27100.0,22.0,431068.1629150808,"{""type"":""MultiPoint"",""coordinates"":[]}"
272,27200.0,26.0,526570.152991822,"{""type"":""MultiPoint"",""coordinates"":[]}"
273,27300.0,22.0,536210.0271848831,"{""type"":""MultiPoint"",""coordinates"":[]}"
274,27400.0,21.0,390123.3886683667,"{""type"":""MultiPoint"",""coordinates"":[]}"
275,27500.0,17.0,433784.1689153146,"{""type"":""MultiPoint"",""coordinates"":[]}"
276,27600.0,15.0,576736.3792295307,"{""type"":""MultiPoint"",""coordinates"":[]}"
277,27700.0,28.0,773834.8089165129,"{""type"":""MultiPoint"",""coordinates"":[]}"
278,27800.0,19.0,493392.5730006844,"{""type"":""MultiPoint"",""coordinates"":[]}"
279,27900.0,13.0,210497.39860099182,"{""type"":""MultiPoint"",""coordinates"":[]}"
280,28000.0,23.0,827425.4331261758,"{""type"":""MultiPoint"",""coordinates"":[]}"
281,28100.0,21.0,473836.12876760494,"{""type"":""MultiPoint"",""coordinates"":[]}"
282,28200.0,26.772549019607844,592528.4227074644,"{""type"":""MultiPoint"",""coordinates"":[]}"
283,28300.0,23.0,488991.2443904916,"{""type"":""MultiPoint"",""coordinates"":[]}"
284,28400.0,18.0,333203.8968418455,"{""type"":""MultiPoint"",""coordinates"":[]}"
285,28500.0,24.0,480980.724906303,"{""type"":""MultiPoint"",""coordinates"":[]}"
286,28600.0,15.894117647058824,307015.0731456159,"{""type"":""MultiPoint"",""coordinates"":[]}"
287,28700.0,19.0,486481.75005906634,"{""type"":""MultiPoint"",""coordinates"":[]}"
288,28800.0,23.0,445913.91625914257,"{""type"":""MultiPoint"",""coordinates"":[]}"
289,28900.0,25.023529411764706,711283.8846025567,"{""type"":""MultiPoint"",""coordinates"":[]}"
290,29000.0,20.95686274509804,576602.8606971256,"{""type"":""MultiPoint"",""coordinates"":[]}"
291,29100.0,17.0,502411.60064283386,"{""type"":""MultiPoint"",""coordinates"":[]}"
292,29200.0,19.0,489478.7624871405,"{""type"":""MultiPoint"",""coordinates"":[]}"
293,29300.0,15.91764705882353,554250.8980856135,"{""type"":""MultiPoint"",""coordinates"":[]}"
294,29400.0,18.184313725490195,413271.7560618594,"{""type"":""MultiPoint"",""coordinates"":[]}"
295,29500.0,15.0,280661.47189291567,"{""type"":""MultiPoint"",""coordinates"":[]}"
296,29600.0,18.0,424034.5421700049,"{""type"":""MultiPoint"",""coordinates"":[]}"
297,29700.0,18.0,364807.89694809634,"{""type"":""MultiPoint"",""coordinates"":[]}"
298,29800.0,17.094117647058823,482815.999490525,"{""type"":""MultiPoint"",""coordinates"":[]}"
299,29900.0,17.0,582800.8523334861,"{""type"":""MultiPoint"",""coordinates"":[]}"
300,30000.0,8.501960784313725,315195.69963145594,"{""type"":""MultiPoint"",""coordinates"":[]}"
301,30100.0,20.0,393515.72110236157,"{""type"":""MultiPoint"",""coordinates"":[]}"
302,30200.0,22.56078431372549,506216.068012875,"{""type"":""MultiPoint"",""coordinates"":[]}"
303,30300.0,21.0,502341.6837838432,"{""type"":""MultiPoint"",""coordinates"":[]}"
304,30400.0,19.0,500883.54795031995,"{""type"":""MultiPoint"",""coordinates"":[]}"
305,30500.0,22.0,569377.0356857581,"{""type"":""MultiPoint"",""coordinates"":[]}"
306,30600.0,13.0,268160.61948077474,"{""type"":""MultiPoint"",""coordinates"":[]}"
307,30700.0,17.0,627534.220259726,"{""type"":""MultiPoint"",""coordinates"":[]}"
308,30800.0,15.0,379144.85945856944,"{""type"":""MultiPoint"",""coordinates"":[]}"
309,30900.0,11.0,139620.8925455343,"{""type"":""MultiPoint"",""coordinates"":[]}"
310,31000.0,15.0,283346.8865397107,"{""type"":""MultiPoint"",""coordinates"":[]}"
311,31100.0,17.0,291411.56466947123,"{""type"":""MultiPoint"",""coordinates"":[]}"
312,31200.0,11.0,208775.18097642716,"{""type"":""MultiPoint"",""coordinates"":[]}"
313,31300.0,15.0,386890.423215203,"{""type"":""MultiPoint"",""coordinates"":[]}"
314,31400.0,8.0,185853.18530692905,"{""type"":""MultiPoint"",""coordinates"":[]}"
315,31500.0,11.0,235891.98600820685,"{""type"":""MultiPoint"",""coordinates"":[]}"
316,31600.0,11.0,292090.98703322187,"{""type"":""MultiPoint"",""coordinates"":[]}"
317,31700.0,16.0,468996.5445814701,"{""type"":""MultiPoint"",""coordinates"":[]}"
318,31800.0,10.0,217500.86946601607,"{""type"":""MultiPoint"",""coordinates"":[]}"
319,31900.0,14.0,369544.1275987029,"{""type"":""MultiPoint"",""coordinates"":[]}"
320,32000.0,13.0,248645.9578009583,"{""type"":""MultiPoint"",""coordinates"":[]}"
321,32100.0,11.0,379181.69360851496,"{""type"":""MultiPoint"",""coordinates"":[]}"
322,32200.0,11.0,331546.0177921187,"{""type"":""MultiPoint"",""coordinates"":[]}"
323,32300.0,12.0,273978.99569470715,"{""type"":""MultiPoint"",""coordinates"":[]}"
324,32400.0,11.0,213942.299223735,"{""type"":""MultiPoint"",""coordinates"":[]}"
325,32500.0,14.0,397631.1928989608,"{""type"":""MultiPoint"",""coordinates"":[]}"
326,32600.0,7.780392156862745,353340.51993735833,"{""type"":""MultiPoint"",""coordinates"":[]}"
327,32700.0,11.384313725490196,262442.2961421751,"{""type"":""MultiPoint"",""coordinates"":[]}"
328,32800.0,6.0,240344.02488170192,"{""type"":""MultiPoint"",""coordinates"":[]}"
329,32900.0,10.0,234591.93337456137,"{""type"":""MultiPoint"",""coordinates"":[]}"
330,33000.0,15.0,325543.0664778305,"{""type"":""MultiPoint"",""coordinates"":[]}"
331,33100.0,8.0,212803.1586736273,"{""type"":""MultiPoint"",""coordinates"":[]}"
332,33200.0,11.0,255099.09581233468,"{""type"":""MultiPoint"",""coordinates"":[]}"
333,33300.0,7.0,123520.4372867383,"{""type"":""MultiPoint"",""coordinates"":[]}"
334,33400.0,6.0,129119.78738036752,"{""type"":""MultiPoint"",""coordinates"":[]}"
335,33500.0,7.0,211014.6801565215,"{""type"":""MultiPoint"",""coordinates"":[]}"
336,33600.0,6.0,211854.7780794697,"{""type"":""MultiPoint"",""coordinates"":[]}"
337,33700.0,12.0,233589.28136595525,"{""type"":""MultiPoint"",""coordinates"":[]}"
338,33800.0,7.0,143824.61304651573,"{""type"":""MultiPoint"",""coordinates"":[]}"
339,33900.0,8.0,132205.64562598895,"{""type"":""MultiPoint"",""coordinates"":[]}"
340,34000.0,12.0,276522.71637161076,"{""type"":""MultiPoint"",""coordinates"":[]}"
341,34100.0,9.0,234221.39685964398,"{""type"":""MultiPoint"",""coordinates"":[]}"
342,34200.0,9.0,337909.8874637261,"{""type"":""MultiPoint"",""coordinates"":[]}"
343,34300.0,7.572549019607843,206626.41070659854,"{""type"":""MultiPoint"",""coordinates"":[]}"
344,34400.0,12.0,340645.74920325074,"{""type"":""MultiPoint"",""coordinates"":[]}"
345,34500.0,14.384313725490196,394272.922207549,"{""type"":""MultiPoint"",""coordinates"":[]}"
346,34600.0,3.0,52497.8000962697,"{""type"":""MultiPoint"",""coordinates"":[]}"
347,34700.0,6.0,156850.77252440713,"{""type"":""MultiPoint"",""coordinates"":[]}"
348,34800.0,6.0,149668.87115933932,"{""type"":""MultiPoint"",""coordinates"":[]}"
349,34900.0,7.0,235735.50776774902,"{""type"":""MultiPoint"",""coordinates"":[]}"
350,35000.0,14.0,327433.69058033964,"{""type"":""MultiPoint"",""coordinates"":[]}"
351,35100.0,5.996078431372549,182785.8595636374,"{""type"":""MultiPoint"",""coordinates"":[]}"
352,35200.0,7.0,128007.96012504864,"{""type"":""MultiPoint"",""coordinates"":[]}"
353,35300.0,5.011764705882353,187935.5768707422,"{""type"":""MultiPoint"",""coordinates"":[]}"
354,35400.0,9.0,232276.50903739966,"{""type"":""MultiPoint"",""coordinates"":[]}"
355,35500.0,10.0,193936.8988636993,"{""type"":""MultiPoint"",""coordinates"":[]}"
356,35600.0,11.474509803921569,241900.6728803438,"{""type"":""MultiPoint"",""coordinates"":[]}"
357,35700.0,9.0,240587.08447000757,"{""type"":""MultiPoint"",""coordinates"":[]}"
358,35800.0,4.0,189599.22329111584,"{""type"":""MultiPoint"",""coordinates"":[]}"
359,35900.0,5.0,58380.63713892363,"{""type"":""MultiPoint"",""coordinates"":[]}"
360,36000.0,5.0,157351.10753174126,"{""type"":""MultiPoint"",""coordinates"":[]}"
361,36100.0,9.0,172460.89816246554,"{""type"":""MultiPoint"",""coordinates"":[]}"
362,36200.0,3.0,144947.03582707234,"{""type"":""MultiPoint"",""coordinates"":[]}"
363,36300.0,8.0,122098.44586891122,"{""type"":""MultiPoint"",""coordinates"":[]}"
364,36400.0,5.980392156862745,186208.9839379,"{""type"":""MultiPoint"",""coordinates"":[]}"
365,36500.0,9.968627450980392,195129.8522923944,"{""type"":""MultiPoint"",""coordinates"":[]}"
366,36600.0,6.0,169831.39211625606,"{""type"":""MultiPoint"",""coordinates"":[]}"
367,36700.0,12.0,397436.3303862158,"{""type"":""MultiPoint"",""coordinates"":[]}"
368,36800.0,10.0,321658.80440364406,"{""type"":""MultiPoint"",""coordinates"":[]}"
369,36900.0,8.262745098039215,176383.42479734417,"{""type"":""MultiPoint"",""coordinates"":[]}"
370,37000.0,7.0,110568.99988943757,"{""type"":""MultiPoint"",""coordinates"":[]}"
371,37100.0,7.984313725490196,195264.21373765747,"{""type"":""MultiPoint"",""coordinates"":[]}"
372,37200.0,12.0,445104.8871512944,"{""type"":""MultiPoint"",""coordinates"":[]}"
373,37300.0,6.0,162846.22239399143,"{""type"":""MultiPoint"",""coordinates"":[]}"
374,37400.0,6.0,222319.7751441449,"{""type"":""MultiPoint"",""coordinates"":[]}"
375,37500.0,8.0,297748.6574219912,"{""type"":""MultiPoint"",""coordinates"":[]}"
376,37600.0,9.0,282163.54549235106,"{""type"":""MultiPoint"",""coordinates"":[]}"
377,37700.0,5.0,105102.19245181605,"{""type"":""MultiPoint"",""coordinates"":[]}"
378,37800.0,2.9529411764705884,70185.06336683175,"{""type"":""MultiPoint"",""coordinates"":[]}"
379,37900.0,6.0,120685.88177527115,"{""type"":""MultiPoint"",""coordinates"":[]}"
380,38000.0,2.0,50916.35656436533,"{""type"":""MultiPoint"",""coordinates"":[]}"
381,38100.0,5.0,87958.50671736989,"{""type"":""MultiPoint"",""coordinates"":[]}"
382,38200.0,7.0,307216.58127200976,"{""type"":""MultiPoint"",""coordinates"":[]}"
383,38300.0,10.0,199351.5145173911,"{""type"":""MultiPoint"",""coordinates"":[]}"
384,38400.0,3.0,97626.67319420725,"{""type"":""MultiPoint"",""coordinates"":[]}"
385,38500.0,2.4980392156862745,32255.30858348443,"{""type"":""MultiPoint"",""coordinates"":[]}"
386,38600.0,6.0,172173.72847627383,"{""type"":""MultiPoint"",""coordinates"":[]}"
387,38700.0,4.0,150060.84180852678,"{""type"":""MultiPoint"",""coordinates"":[]}"
388,38800.0,6.0,131084.83870462142,"{""type"":""MultiPoint"",""coordinates"":[]}"
389,38900.0,3.0,52890.24963217974,"{""type"":""MultiPoint"",""coordinates"":[]}"
390,39000.0,8.0,293259.16401081067,"{""type"":""MultiPoint"",""coordinates"":[]}"
391,39100.0,2.0,67523.58651816845,"{""type"":""MultiPoint"",""coordinates"":[]}"
392,39200.0,10.0,277775.0899754539,"{""type"":""MultiPoint"",""coordinates"":[]}"
393,39300.0,5.0,41964.597738949116,"{""type"":""MultiPoint"",""coordinates"":[]}"
394,39400.0,6.050980392156863,154920.4425616642,"{""type"":""MultiPoint"",""coordinates"":[]}"
395,39500.0,6.0,192788.11508828402,"{""type"":""MultiPoint"",""coordinates"":[]}"
396,39600.0,3.0,123515.45658621937,"{""type"":""MultiPoint"",""coordinates"":[]}"
397,39700.0,3.0,128345.1065556407,"{""type"":""MultiPoint"",""coordinates"":[]}"
398,39800.0,4.0,95293.34510015324,"{""type"":""MultiPoint"",""coordinates"":[]}"
399,39900.0,6.0,152803.8505756203,"{""type"":""MultiPoint"",""coordinates"":[]}"
400,40000.0,6.0,162283.5141823031,"{""type"":""MultiPoint"",""coordinates"":[]}"
401,40100.0,3.0,121389.9140619412,"{""type"":""MultiPoint"",""coordinates"":[]}"
402,40200.0,8.0,188703.953374777,"{""type"":""MultiPoint"",""coordinates"":[]}"
403,40300.0,6.0,208949.59411827847,"{""type"":""MultiPoint"",""coordinates"":[]}"
404,40400.0,4.0,80755.31339623965,"{""type"":""MultiPoint"",""coordinates"":[]}"
405,40500.0,8.0,308585.593383044,"{""type"":""MultiPoint"",""coordinates"":[]}"
406,40600.0,4.0,114580.17847190797,"{""type"":""MultiPoint"",""coordinates"":[]}"
407,40700.0,7.0,92298.5440420527,"{""type"":""MultiPoint"",""coordinates"":[]}"
408,40800.0,6.0,143859.13616560027,"{""type"":""MultiPoint"",""coordinates"":[]}"
409,40900.0,4.0,72137.68450140953,"{""type"":""MultiPoint"",""coordinates"":[]}"
410,41000.0,7.0,187207.06388730556,"{""type"":""MultiPoint"",""coordinates"":[]}"
411,41100.0,3.8196078431372547,76828.8770395027,"{""type"":""MultiPoint"",""coordinates"":[]}"
412,41200.0,4.0,63465.58921132516,"{""type"":""MultiPoint"",""coordinates"":[]}"
413,41300.0,5.580392156862745,155616.66701753144,"{""type"":""MultiPoint"",""coordinates"":[]}"
414,41400.0,6.0,181697.26536484808,"{""type"":""MultiPoint"",""coordinates"":[]}"
415,41500.0,6.0,224741.02758757025,"{""type"":""MultiPoint"",""coordinates"":[]}"
416,41600.0,5.0,111279.20974970423,"{""type"":""MultiPoint"",""coordinates"":[]}"
417,41700.0,5.0,202376.0828695055,"{""type"":""MultiPoint"",""coordinates"":[]}"
418,41800.0,3.0,67169.10960900038,"{""type"":""MultiPoint"",""coordinates"":[]}"
419,41900.0,6.0,134701.94944761693,"{""type"":""MultiPoint"",""coordinates"":[]}"
420,42000.0,2.996078431372549,124138.05343051173,"{""type"":""MultiPoint"",""coordinates"":[]}"
421,42100.0,5.0,99666.29217399657,"{""type"":""MultiPoint"",""coordinates"":[]}"
422,42200.0,6.0,112439.35843975842,"{""type"":""MultiPoint"",""coordinates"":[]}"
423,42300.0,4.0,52228.08512297273,"{""type"":""MultiPoint"",""coordinates"":[]}"
424,42400.0,7.0,180968.5928354524,"{""type"":""MultiPoint"",""coordinates"":[]}"
425,42500.0,7.0,194505.4232143378,"{""type"":""MultiPoint"",""coordinates"":[]}"
426,42600.0,6.0,166919.61506151222,"{""type"":""MultiPoint"",""coordinates"":[]}"
427,42700.0,4.517647058823529,262034.52791458956,"{""type"":""MultiPoint"",""coordinates"":[]}"
428,42800.0,4.0,208312.3798621986,"{""type"":""MultiPoint"",""coordinates"":[]}"
429,42900.0,4.0,63318.43606816977,"{""type"":""MultiPoint"",""coordinates"":[]}"
430,43000.0,4.0,78536.12959101424,"{""type"":""MultiPoint"",""coordinates"":[]}"
431,43100.0,3.0,60527.826386088505,"{""type"":""MultiPoint"",""coordinates"":[]}"
432,43200.0,7.0,129406.41725569312,"{""type"":""MultiPoint"",""coordinates"":[]}"
433,43300.0,5.0,164921.82052986696,"{""type"":""MultiPoint"",""coordinates"":[]}"
434,43400.0,5.0,99869.28729285672,"{""type"":""MultiPoint"",""coordinates"":[]}"
435,43500.0,5.0,94594.55192434788,"{""type"":""MultiPoint"",""coordinates"":[]}"
436,43600.0,5.0,71441.153981857,"{""type"":""MultiPoint"",""coordinates"":[]}"
437,43700.0,1.0,23044.155186653137,"{""type"":""MultiPoint"",""coordinates"":[]}"
438,43800.0,4.0,70173.57277113199,"{""type"":""MultiPoint"",""coordinates"":[]}"
439,43900.0,5.0,209424.86256794818,"{""type"":""MultiPoint"",""coordinates"":[]}"
440,44000.0,5.0,176709.3955828324,"{""type"":""MultiPoint"",""coordinates"":[]}"
441,44100.0,5.0,109406.20960700884,"{""type"":""MultiPoint"",""coordinates"":[]}"
442,44200.0,5.0,150248.52983862907,"{""type"":""MultiPoint"",""coordinates"":[]}"
443,44300.0,9.674509803921568,289043.70912024716,"{""type"":""MultiPoint"",""coordinates"":[]}"
444,44400.0,4.87843137254902,177843.41415132798,"{""type"":""MultiPoint"",""coordinates"":[]}"
445,44500.0,3.0,36537.06373255793,"{""type"":""MultiPoint"",""coordinates"":[]}"
446,44600.0,2.0,54060.05873014685,"{""type"":""MultiPoint"",""coordinates"":[]}"
447,44700.0,3.0,45368.15480579808,"{""type"":""MultiPoint"",""coordinates"":[]}"
448,44800.0,8.0,177710.3407074958,"{""type"":""MultiPoint"",""coordinates"":[]}"
449,44900.0,4.0,102713.5763473399,"{""type"":""MultiPoint"",""coordinates"":[]}"
450,45000.0,4.0,86277.83957366087,"{""type"":""MultiPoint"",""coordinates"":[]}"
451,45100.0,3.0,44872.05159092974,"{""type"":""MultiPoint"",""coordinates"":[]}"
452,45200.0,3.0,83299.77595127746,"{""type"":""MultiPoint"",""coordinates"":[]}"
453,45300.0,2.0,16792.97831420973,"{""type"":""MultiPoint"",""coordinates"":[]}"
454,45400.0,3.0,71803.65897727944,"{""type"":""MultiPoint"",""coordinates"":[]}"
455,45500.0,6.0,274004.4361181855,"{""type"":""MultiPoint"",""coordinates"":[]}"
456,45600.0,2.0,41095.15374601632,"{""type"":""MultiPoint"",""coordinates"":[]}"
457,45800.0,1.0,14589.831550598145,"{""type"":""MultiPoint"",""coordinates"":[]}"
458,45900.0,5.0,80329.5611499995,"{""type"":""MultiPoint"",""coordinates"":[]}"
459,46000.0,2.0,30549.411695621908,"{""type"":""MultiPoint"",""coordinates"":[]}"
460,46100.0,2.0,82518.51590496302,"{""type"":""MultiPoint"",""coordinates"":[]}"
461,46200.0,5.0,182659.76064641867,"{""type"":""MultiPoint"",""coordinates"":[]}"
462,46300.0,5.0,182399.6564794127,"{""type"":""MultiPoint"",""coordinates"":[]}"
463,46400.0,3.0,102669.93203726411,"{""type"":""MultiPoint"",""coordinates"":[]}"
464,46500.0,5.0,169679.6703465283,"{""type"":""MultiPoint"",""coordinates"":[]}"
465,46600.0,6.0,154885.7474406818,"{""type"":""MultiPoint"",""coordinates"":[]}"
466,46700.0,4.0,141024.28831271455,"{""type"":""MultiPoint"",""coordinates"":[]}"
467,46800.0,2.0,41761.98747342825,"{""type"":""MultiPoint"",""coordinates"":[]}"
468,46900.0,2.4235294117647057,58443.512717018406,"{""type"":""MultiPoint"",""coordinates"":[]}"
469,47000.0,5.933333333333334,162368.88327012048,"{""type"":""MultiPoint"",""coordinates"":[]}"
470,47100.0,6.019607843137255,281440.34343127045,"{""type"":""MultiPoint"",""coordinates"":[]}"
471,47200.0,3.0,245544.21135613322,"{""type"":""MultiPoint"",""coordinates"":[]}"
472,47300.0,1.2470588235294118,30303.5547808471,"{""type"":""MultiPoint"",""coordinates"":[]}"
473,47400.0,5.0,358401.77043765783,"{""type"":""MultiPoint"",""coordinates"":[]}"
474,47500.0,2.0,47599.25301336497,"{""type"":""MultiPoint"",""coordinates"":[]}"
475,47600.0,4.0,147630.80557750724,"{""type"":""MultiPoint"",""coordinates"":[]}"
476,47700.0,1.0,18774.183733448386,"{""type"":""MultiPoint"",""coordinates"":[]}"
477,47800.0,2.0,77887.58108720183,"{""type"":""MultiPoint"",""coordinates"":[]}"
478,47900.0,3.0,32019.87964155525,"{""type"":""MultiPoint"",""coordinates"":[]}"
479,48000.0,5.0,137569.4445978254,"{""type"":""MultiPoint"",""coordinates"":[]}"
480,48100.0,3.0,30633.56726847496,"{""type"":""MultiPoint"",""coordinates"":[]}"
481,48200.0,3.0,85941.28518527746,"{""type"":""MultiPoint"",""coordinates"":[]}"
482,48300.0,1.0,14176.54201848805,"{""type"":""MultiPoint"",""coordinates"":[]}"
483,48400.0,3.0,78023.56881780177,"{""type"":""MultiPoint"",""coordinates"":[]}"
484,48500.0,5.0,112596.3583961185,"{""type"":""MultiPoint"",""coordinates"":[]}"
485,48600.0,4.0,227574.53111620992,"{""type"":""MultiPoint"",""coordinates"":[]}"
486,48700.0,4.0,115803.46294653416,"{""type"":""MultiPoint"",""coordinates"":[]}"
487,48800.0,2.0,18156.81437296234,"{""type"":""MultiPoint"",""coordinates"":[]}"
488,48900.0,4.0,63265.612168560736,"{""type"":""MultiPoint"",""coordinates"":[]}"
489,49000.0,2.0,55984.49621716142,"{""type"":""MultiPoint"",""coordinates"":[]}"
490,49100.0,3.0,159590.8543574661,"{""type"":""MultiPoint"",""coordinates"":[]}"
491,49200.0,3.0,97638.33155727386,"{""type"":""MultiPoint"",""coordinates"":[]}"
492,49300.0,2.0,49049.07954173535,"{""type"":""MultiPoint"",""coordinates"":[]}"
493,49400.0,2.0,18681.73561821971,"{""type"":""MultiPoint"",""coordinates"":[]}"
494,49500.0,2.0,72172.53413796425,"{""type"":""MultiPoint"",""coordinates"":[]}"
495,49700.0,1.0,28106.197987597436,"{""type"":""MultiPoint"",""coordinates"":[]}"
496,50000.0,4.0,173386.3857150823,"{""type"":""MultiPoint"",""coordinates"":[]}"
497,50100.0,1.0,28500.430030822754,"{""type"":""MultiPoint"",""coordinates"":[]}"
498,50200.0,1.2941176470588236,20008.80368076243,"{""type"":""MultiPoint"",""coordinates"":[]}"
499,50300.0,3.9098039215686273,145803.49522100762,"{""type"":""MultiPoint"",""coordinates"":[]}"
500,50500.0,1.0,24769.42400455475,"{""type"":""MultiPoint"",""coordinates"":[]}"
501,50600.0,2.0,48361.76685821976,"{""type"":""MultiPoint"",""coordinates"":[]}"
502,50700.0,6.0,128857.45858285856,"{""type"":""MultiPoint"",""coordinates"":[]}"
503,50800.0,3.0,59950.28388034925,"{""type"":""MultiPoint"",""coordinates"":[]}"
504,50900.0,2.0,31710.985229763202,"{""type"":""MultiPoint"",""coordinates"":[]}"
505,51000.0,5.0,252675.58447897434,"{""type"":""MultiPoint"",""coordinates"":[]}"
506,51100.0,1.0,18447.038247823715,"{""type"":""MultiPoint"",""coordinates"":[]}"
507,51200.0,5.0,53256.287500519305,"{""type"":""MultiPoint"",""coordinates"":[]}"
508,51300.0,3.0,38814.6086612558,"{""type"":""MultiPoint"",""coordinates"":[]}"
509,51500.0,4.0,46404.24660934135,"{""type"":""MultiPoint"",""coordinates"":[]}"
510,51600.0,3.0,67618.19683180377,"{""type"":""MultiPoint"",""coordinates"":[]}"
511,52100.0,3.1372549019607843,104542.15371310938,"{""type"":""MultiPoint"",""coordinates"":[]}"
512,52200.0,4.0,98572.99239052087,"{""type"":""MultiPoint"",""coordinates"":[]}"
513,52300.0,1.0,31759.983439311385,"{""type"":""MultiPoint"",""coordinates"":[]}"
514,52600.0,1.0,76871.75656978786,"{""type"":""MultiPoint"",""coordinates"":[]}"
515,52700.0,3.0,155224.398078084,"{""type"":""MultiPoint"",""coordinates"":[]}"
516,52800.0,1.0,18210.250293832272,"{""type"":""MultiPoint"",""coordinates"":[]}"
517,52900.0,3.0,100809.46363329887,"{""type"":""MultiPoint"",""coordinates"":[]}"
518,53000.0,1.0,24101.054885864258,"{""type"":""MultiPoint"",""coordinates"":[]}"
519,53100.0,1.0,30317.982176177204,"{""type"":""MultiPoint"",""coordinates"":[]}"
520,53200.0,2.0,40969.04635490477,"{""type"":""MultiPoint"",""coordinates"":[]}"
521,53300.0,1.0,15435.917043630034,"{""type"":""MultiPoint"",""coordinates"":[]}"
522,53500.0,1.0,21319.621280431747,"{""type"":""MultiPoint"",""coordinates"":[]}"
523,53600.0,6.0,76836.03668532334,"{""type"":""MultiPoint"",""coordinates"":[]}"
524,53700.0,1.0,755.6706739515066,"{""type"":""MultiPoint"",""coordinates"":[]}"
525,53900.0,2.0,60749.76051737368,"{""type"":""MultiPoint"",""coordinates"":[]}"
526,54000.0,4.0,99362.09047190845,"{""type"":""MultiPoint"",""coordinates"":[]}"
527,54100.0,3.0,109886.94105155766,"{""type"":""MultiPoint"",""coordinates"":[]}"
528,54200.0,2.419607843137255,63403.534281984466,"{""type"":""MultiPoint"",""coordinates"":[]}"
529,54400.0,2.0,61617.87924820557,"{""type"":""MultiPoint"",""coordinates"":[]}"
530,54500.0,3.0,121544.91403381526,"{""type"":""MultiPoint"",""coordinates"":[]}"
531,54600.0,3.0,55743.27902903594,"{""type"":""MultiPoint"",""coordinates"":[]}"
532,54700.0,2.0,46811.95714931935,"{""type"":""MultiPoint"",""coordinates"":[]}"
533,54900.0,2.0,127779.35174021125,"{""type"":""MultiPoint"",""coordinates"":[]}"
534,55000.0,1.0,6381.059888262302,"{""type"":""MultiPoint"",""coordinates"":[]}"
535,55100.0,1.0,19739.935247063637,"{""type"":""MultiPoint"",""coordinates"":[]}"
536,55200.0,1.0,13094.86290922761,"{""type"":""MultiPoint"",""coordinates"":[]}"
537,55400.0,1.0,33227.071612000465,"{""type"":""MultiPoint"",""coordinates"":[]}"
538,55500.0,1.784313725490196,114046.01591154057,"{""type"":""MultiPoint"",""coordinates"":[]}"
539,55600.0,1.7568627450980392,96473.48750977189,"{""type"":""MultiPoint"",""coordinates"":[]}"
540,55700.0,2.0,100199.20469814539,"{""type"":""MultiPoint"",""coordinates"":[]}"
541,55800.0,1.9843137254901961,120097.53824922611,"{""type"":""MultiPoint"",""coordinates"":[]}"
542,55900.0,1.0,21597.492205373943,"{""type"":""MultiPoint"",""coordinates"":[]}"
543,56100.0,1.0,17685.304492160678,"{""type"":""MultiPoint"",""coordinates"":[]}"
544,56200.0,4.992156862745098,119022.08795851539,"{""type"":""MultiPoint"",""coordinates"":[]}"
545,56300.0,1.0,13510.095383146778,"{""type"":""MultiPoint"",""coordinates"":[]}"
546,56400.0,3.0,61885.43228645623,"{""type"":""MultiPoint"",""coordinates"":[]}"
547,56500.0,1.0,63457.86071586609,"{""type"":""MultiPoint"",""coordinates"":[]}"
548,56600.0,1.0,27172.13076159358,"{""type"":""MultiPoint"",""coordinates"":[]}"
549,56700.0,2.1333333333333333,40329.706133334585,"{""type"":""MultiPoint"",""coordinates"":[]}"
550,56800.0,1.0,793.8533859923482,"{""type"":""MultiPoint"",""coordinates"":[]}"
551,56900.0,1.0,923.0099260956049,"{""type"":""MultiPoint"",""coordinates"":[]}"
552,57100.0,2.0,21418.566942581907,"{""type"":""MultiPoint"",""coordinates"":[]}"
553,57200.0,1.0,47308.59129990637,"{""type"":""MultiPoint"",""coordinates"":[]}"
554,57500.0,1.0,82890.96189880371,"{""type"":""MultiPoint"",""coordinates"":[]}"
555,57600.0,1.0,19484.945515275,"{""type"":""MultiPoint"",""coordinates"":[]}"
556,57800.0,2.0,76516.64390182495,"{""type"":""MultiPoint"",""coordinates"":[]}"
557,58000.0,1.0,16980.746998786926,"{""type"":""MultiPoint"",""coordinates"":[]}"
558,58100.0,3.0,65034.14459713362,"{""type"":""MultiPoint"",""coordinates"":[]}"
559,58200.0,1.0,18354.96323990822,"{""type"":""MultiPoint"",""coordinates"":[]}"
560,58400.0,1.0,82690.45256368816,"{""type"":""MultiPoint"",""coordinates"":[]}"
561,58600.0,1.0,12881.363868363202,"{""type"":""MultiPoint"",""coordinates"":[]}"
562,58800.0,1.0,990.0414058249444,"{""type"":""MultiPoint"",""coordinates"":[]}"
563,58900.0,1.0,13845.535511612892,"{""type"":""MultiPoint"",""coordinates"":[]}"
564,59000.0,1.0,99749.16140037775,"{""type"":""MultiPoint"",""coordinates"":[]}"
565,59200.0,1.0,34520.00515970588,"{""type"":""MultiPoint"",""coordinates"":[]}"
566,59300.0,2.0,2721.6315456498414,"{""type"":""MultiPoint"",""coordinates"":[]}"
567,59500.0,1.0,25081.348834991455,"{""type"":""MultiPoint"",""coordinates"":[]}"
568,59900.0,1.0,38862.634084910154,"{""type"":""MultiPoint"",""coordinates"":[]}"
569,60000.0,2.0,160478.682693962,"{""type"":""MultiPoint"",""coordinates"":[]}"
570,60100.0,1.0,22337.64951979369,"{""type"":""MultiPoint"",""coordinates"":[]}"
571,60400.0,1.0,33075.9654417038,"{""type"":""MultiPoint"",""coordinates"":[]}"
572,60500.0,1.0,931.4930452983826,"{""type"":""MultiPoint"",""coordinates"":[]}"
573,60700.0,2.0,51874.02465514839,"{""type"":""MultiPoint"",""coordinates"":[]}"
574,60800.0,1.0,50453.21273905039,"{""type"":""MultiPoint"",""coordinates"":[]}"
575,60900.0,1.0,12042.859429974109,"{""type"":""MultiPoint"",""coordinates"":[]}"
576,61000.0,2.0,90269.20323944092,"{""type"":""MultiPoint"",""coordinates"":[]}"
577,61300.0,1.0,92674.26817154884,"{""type"":""MultiPoint"",""coordinates"":[]}"
578,61400.0,1.0,34367.12161872536,"{""type"":""MultiPoint"",""coordinates"":[]}"
579,61500.0,2.0,120624.87353515625,"{""type"":""MultiPoint"",""coordinates"":[]}"
580,61800.0,1.0,25262.887802362442,"{""type"":""MultiPoint"",""coordinates"":[]}"
581,62100.0,1.0,35436.199489593506,"{""type"":""MultiPoint"",""coordinates"":[]}"
582,62900.0,2.0,909.1923393430188,"{""type"":""MultiPoint"",""coordinates"":[]}"
583,63100.0,1.0,19493.466811448336,"{""type"":""MultiPoint"",""coordinates"":[]}"
584,63400.0,1.0,35607.47957229952,"{""type"":""MultiPoint"",""coordinates"":[]}"
585,63700.0,2.0,14516.663545135409,"{""type"":""MultiPoint"",""coordinates"":[]}"
586,63800.0,2.0,131760.6018576622,"{""type"":""MultiPoint"",""coordinates"":[]}"
587,64000.0,1.0,1582.0072666099295,"{""type"":""MultiPoint"",""coordinates"":[]}"
588,64400.0,1.0,23126.723978325725,"{""type"":""MultiPoint"",""coordinates"":[]}"
589,64500.0,1.0,13570.119595899247,"{""type"":""MultiPoint"",""coordinates"":[]}"
590,64600.0,1.0,27612.71493548155,"{""type"":""MultiPoint"",""coordinates"":[]}"
591,64900.0,1.0,4475.694279456511,"{""type"":""MultiPoint"",""coordinates"":[]}"
592,65000.0,1.0,13997.732293009758,"{""type"":""MultiPoint"",""coordinates"":[]}"
593,65600.0,0.8313725490196079,6280.291349145741,"{""type"":""MultiPoint"",""coordinates"":[]}"
594,65700.0,1.988235294117647,128660.81461346615,"{""type"":""MultiPoint"",""coordinates"":[]}"
595,65800.0,1.0,30709.665132522583,"{""type"":""MultiPoint"",""coordinates"":[]}"
596,66000.0,2.0,79870.15482319146,"{""type"":""MultiPoint"",""coordinates"":[]}"
597,66100.0,1.0,20971.316106796265,"{""type"":""MultiPoint"",""coordinates"":[]}"
598,66300.0,2.0,175368.27589587122,"{""type"":""MultiPoint"",""coordinates"":[]}"
599,66500.0,2.0,71006.01957761683,"{""type"":""MultiPoint"",""coordinates"":[]}"
600,66600.0,2.0,95308.77344225347,"{""type"":""MultiPoint"",""coordinates"":[]}"
601,66700.0,1.0,32969.19720043242,"{""type"":""MultiPoint"",""coordinates"":[]}"
602,66800.0,1.0,31347.524174392223,"{""type"":""MultiPoint"",""coordinates"":[]}"
603,66900.0,1.0,19368.041038513184,"{""type"":""MultiPoint"",""coordinates"":[]}"
604,67200.0,1.0,20477.60617351532,"{""type"":""MultiPoint"",""coordinates"":[]}"
605,67400.0,1.0,11086.197463572025,"{""type"":""MultiPoint"",""coordinates"":[]}"
606,67500.0,1.0,12905.86328125,"{""type"":""MultiPoint"",""coordinates"":[]}"
607,67600.0,1.0,13790.9280080311,"{""type"":""MultiPoint"",""coordinates"":[]}"
608,67900.0,2.0,35723.08961478621,"{""type"":""MultiPoint"",""coordinates"":[]}"
609,68000.0,1.0,711.3544780500233,"{""type"":""MultiPoint"",""coordinates"":[]}"
610,68100.0,2.0,44227.22337567061,"{""type"":""MultiPoint"",""coordinates"":[]}"
611,68500.0,2.0,94402.08808279037,"{""type"":""MultiPoint"",""coordinates"":[]}"
612,68600.0,1.0,91459.44677352905,"{""type"":""MultiPoint"",""coordinates"":[]}"
613,68700.0,0.047058823529411764,3930.682460190268,"{""type"":""MultiPoint"",""coordinates"":[]}"
614,68800.0,1.0,26009.694065093994,"{""type"":""MultiPoint"",""coordinates"":[]}"
615,69000.0,0.20392156862745098,17432.68583761664,"{""type"":""MultiPoint"",""coordinates"":[]}"
616,69200.0,1.4901960784313726,82630.23490937083,"{""type"":""MultiPoint"",""coordinates"":[]}"
617,69500.0,2.0,48709.3903939873,"{""type"":""MultiPoint"",""coordinates"":[]}"
618,69800.0,1.0,25633.968889832497,"{""type"":""MultiPoint"",""coordinates"":[]}"
619,69900.0,1.0,17407.642325639725,"{""type"":""MultiPoint"",""coordinates"":[]}"
620,70100.0,0.6235294117647059,28562.78322855199,"{""type"":""MultiPoint"",""coordinates"":[]}"
621,70300.0,1.0,61367.24519062042,"{""type"":""MultiPoint"",""coordinates"":[]}"
622,70400.0,1.0,30176.854815231636,"{""type"":""MultiPoint"",""coordinates"":[]}"
623,70600.0,3.0,165343.60570430756,"{""type"":""MultiPoint"",""coordinates"":[]}"
624,70700.0,1.0,120659.55884217843,"{""type"":""MultiPoint"",""coordinates"":[]}"
625,70800.0,1.0,1070.248610213399,"{""type"":""MultiPoint"",""coordinates"":[]}"
626,71100.0,2.0,108073.78288690373,"{""type"":""MultiPoint"",""coordinates"":[]}"
627,71200.0,1.0,37737.308893203735,"{""type"":""MultiPoint"",""coordinates"":[]}"
628,71400.0,1.0,32446.403546333313,"{""type"":""MultiPoint"",""coordinates"":[]}"
629,71500.0,1.0,25787.83213466406,"{""type"":""MultiPoint"",""coordinates"":[]}"
630,71800.0,2.0,16187.106730438769,"{""type"":""MultiPoint"",""coordinates"":[]}"
631,72000.0,1.0,31891.467254638672,"{""type"":""MultiPoint"",""coordinates"":[]}"
632,72200.0,1.0,19405.697477079928,"{""type"":""MultiPoint"",""coordinates"":[]}"
633,72300.0,1.4705882352941178,76190.3931110957,"{""type"":""MultiPoint"",""coordinates"":[]}"
634,72800.0,1.0,913.8466408662498,"{""type"":""MultiPoint"",""coordinates"":[]}"
635,72900.0,1.0,23757.838618159294,"{""type"":""MultiPoint"",""coordinates"":[]}"
636,73000.0,1.0,1143.7767506241798,"{""type"":""MultiPoint"",""coordinates"":[]}"
637,73700.0,2.0,35374.77353933267,"{""type"":""MultiPoint"",""coordinates"":[]}"
638,74100.0,2.0,5106.586049749516,"{""type"":""MultiPoint"",""coordinates"":[]}"
639,75100.0,1.0,715.9428644180298,"{""type"":""MultiPoint"",""coordinates"":[]}"
640,75200.0,1.0,45503.94145774841,"{""type"":""MultiPoint"",""coordinates"":[]}"
641,75300.0,1.0,51094.89529161528,"{""type"":""MultiPoint"",""coordinates"":[]}"
642,75500.0,1.0,22614.621260410175,"{""type"":""MultiPoint"",""coordinates"":[]}"
643,75600.0,1.0,1156.6020184000954,"{""type"":""MultiPoint"",""coordinates"":[]}"
644,75800.0,1.0,28268.080272197723,"{""type"":""MultiPoint"",""coordinates"":[]}"
645,76900.0,1.0,40079.25057220459,"{""type"":""MultiPoint"",""coordinates"":[]}"
646,77500.0,1.0,566.6093711992726,"{""type"":""MultiPoint"",""coordinates"":[]}"
647,77600.0,1.0,34269.2534828186,"{""type"":""MultiPoint"",""coordinates"":[]}"
648,77900.0,2.0,17388.27683008369,"{""type"":""MultiPoint"",""coordinates"":[]}"
649,78200.0,1.0,17813.410743202083,"{""type"":""MultiPoint"",""coordinates"":[]}"
650,78400.0,1.0,1161.1560983844101,"{""type"":""MultiPoint"",""coordinates"":[]}"
651,79100.0,1.0,62125.87226486206,"{""type"":""MultiPoint"",""coordinates"":[]}"
652,79400.0,1.0,20893.976761579514,"{""type"":""MultiPoint"",""coordinates"":[]}"
653,79500.0,2.0,31447.617937088013,"{""type"":""MultiPoint"",""coordinates"":[]}"
654,79600.0,1.0,21026.285720825195,"{""type"":""MultiPoint"",""coordinates"":[]}"
655,80200.0,1.0,19384.640676617622,"{""type"":""MultiPoint"",""coordinates"":[]}"
656,80500.0,1.0,1459.9327423982322,"{""type"":""MultiPoint"",""coordinates"":[]}"
657,80900.0,1.0,56563.40190124512,"{""type"":""MultiPoint"",""coordinates"":[]}"
658,81000.0,1.0,18148.29841515515,"{""type"":""MultiPoint"",""coordinates"":[]}"
659,81800.0,2.0,26956.786371551454,"{""type"":""MultiPoint"",""coordinates"":[]}"
660,82100.0,1.0,20786.031435012817,"{""type"":""MultiPoint"",""coordinates"":[]}"
661,82700.0,2.0,42794.91988239065,"{""type"":""MultiPoint"",""coordinates"":[]}"
662,83200.0,1.0,31493.781428158283,"{""type"":""MultiPoint"",""coordinates"":[]}"
663,83500.0,1.0,32186.474687576294,"{""type"":""MultiPoint"",""coordinates"":[]}"
664,84000.0,1.0,19349.815754838288,"{""type"":""MultiPoint"",""coordinates"":[]}"
665,84300.0,1.0,48862.21834945679,"{""type"":""MultiPoint"",""coordinates"":[]}"
666,84600.0,1.0,593.5859431680292,"{""type"":""MultiPoint"",""coordinates"":[]}"
667,85400.0,1.996078431372549,91750.86136849347,"{""type"":""MultiPoint"",""coordinates"":[]}"
668,86200.0,1.0,30208.487869262695,"{""type"":""MultiPoint"",""coordinates"":[]}"
669,86600.0,1.0,29505.21101474762,"{""type"":""MultiPoint"",""coordinates"":[]}"
670,87100.0,1.0,1305.2299121245742,"{""type"":""MultiPoint"",""coordinates"":[]}"
671,87600.0,1.0,31471.26621055603,"{""type"":""MultiPoint"",""coordinates"":[]}"
672,87700.0,1.0,420.31168119609356,"{""type"":""MultiPoint"",""coordinates"":[]}"
673,88300.0,1.6941176470588235,10702.428482488936,"{""type"":""MultiPoint"",""coordinates"":[]}"
674,88400.0,1.0,420.10872502066195,"{""type"":""MultiPoint"",""coordinates"":[]}"
675,88500.0,1.0,715.6937709152699,"{""type"":""MultiPoint"",""coordinates"":[]}"
676,89400.0,1.0,1472.5320907309651,"{""type"":""MultiPoint"",""coordinates"":[]}"
677,89600.0,1.0,21309.55299706012,"{""type"":""MultiPoint"",""coordinates"":[]}"
678,90500.0,2.0,32563.36766423285,"{""type"":""MultiPoint"",""coordinates"":[]}"
679,92000.0,1.0,738.9065426923335,"{""type"":""MultiPoint"",""coordinates"":[]}"
680,92900.0,1.0,1443.2869969718158,"{""type"":""MultiPoint"",""coordinates"":[]}"
681,93100.0,1.0,1633.4273573160172,"{""type"":""MultiPoint"",""coordinates"":[]}"
682,93500.0,1.0,41652.73648579419,"{""type"":""MultiPoint"",""coordinates"":[]}"
683,93800.0,1.0,1357.8629983123392,"{""type"":""MultiPoint"",""coordinates"":[]}"
684,94200.0,1.0,1479.7891219574958,"{""type"":""MultiPoint"",""coordinates"":[]}"
685,95800.0,1.0,34695.71741554141,"{""type"":""MultiPoint"",""coordinates"":[]}"
686,96100.0,1.0,102377.73577672243,"{""type"":""MultiPoint"",""coordinates"":[]}"
687,98000.0,1.0,29613.668212890625,"{""type"":""MultiPoint"",""coordinates"":[]}"
688,100500.0,1.0,29983.66571724415,"{""type"":""MultiPoint"",""coordinates"":[]}"
689,101200.0,1.0,2307.663574039936,"{""type"":""MultiPoint"",""coordinates"":[]}"
690,102100.0,1.0,494.04759591724724,"{""type"":""MultiPoint"",""coordinates"":[]}"
691,103200.0,1.0,97898.53319963813,"{""type"":""MultiPoint"",""coordinates"":[]}"
692,103500.0,1.0,27815.338086128235,"{""type"":""MultiPoint"",""coordinates"":[]}"
693,104300.0,1.0,63805.19987487793,"{""type"":""MultiPoint"",""coordinates"":[]}"
694,104400.0,1.0,1622.050858400762,"{""type"":""MultiPoint"",""coordinates"":[]}"
695,106400.0,1.0,23067.549438476562,"{""type"":""MultiPoint"",""coordinates"":[]}"
696,106700.0,1.0,504.51941330358386,"{""type"":""MultiPoint"",""coordinates"":[]}"
697,107100.0,1.0,1664.845183538273,"{""type"":""MultiPoint"",""coordinates"":[]}"
698,107900.0,1.0,25230.02903532982,"{""type"":""MultiPoint"",""coordinates"":[]}"
699,109000.0,0.9921568627450981,120921.34909543804,"{""type"":""MultiPoint"",""coordinates"":[]}"
700,109400.0,1.0,43276.68460558355,"{""type"":""MultiPoint"",""coordinates"":[]}"
701,112800.0,1.0,1889.671952523291,"{""type"":""MultiPoint"",""coordinates"":[]}"
702,115900.0,1.0,17823.161178588867,"{""type"":""MultiPoint"",""coordinates"":[]}"
703,119500.0,1.0,2144.77752744779,"{""type"":""MultiPoint"",""coordinates"":[]}"
704,120700.0,1.0,1894.1311931200325,"{""type"":""MultiPoint"",""coordinates"":[]}"
705,124000.0,1.0,590.505269408226,"{""type"":""MultiPoint"",""coordinates"":[]}"
706,126300.0,1.0,1986.596786500886,"{""type"":""MultiPoint"",""coordinates"":[]}"
707,127000.0,1.0,1387.2874580323696,"{""type"":""MultiPoint"",""coordinates"":[]}"
708,132700.0,1.0,3526.2575928326696,"{""type"":""MultiPoint"",""coordinates"":[]}"
709,134600.0,1.0,26434.179931640625,"{""type"":""MultiPoint"",""coordinates"":[]}"
710,135300.0,1.0,2035.9006102345884,"{""type"":""MultiPoint"",""coordinates"":[]}"
711,136200.0,1.0,1025.8696118183434,"{""type"":""MultiPoint"",""coordinates"":[]}"
712,148100.0,1.0,2394.7046654187143,"{""type"":""MultiPoint"",""coordinates"":[]}"
713,153000.0,1.0,952.703949443996,"{""type"":""MultiPoint"",""coordinates"":[]}"
714,157600.0,1.0,2550.894980126992,"{""type"":""MultiPoint"",""coordinates"":[]}"
715,157800.0,1.0,3052.939694040455,"{""type"":""MultiPoint"",""coordinates"":[]}"
716,167000.0,1.0,1394.0509340912104,"{""type"":""MultiPoint"",""coordinates"":[]}"
717,169400.0,1.0,2659.246792770922,"{""type"":""MultiPoint"",""coordinates"":[]}"
718,188800.0,1.0,2639.9381467811763,"{""type"":""MultiPoint"",""coordinates"":[]}"
719,194400.0,1.0,3928.4592734128237,"{""type"":""MultiPoint"",""coordinates"":[]}"
720,204500.0,1.0,2987.848730240017,"{""type"":""MultiPoint"",""coordinates"":[]}"
721,208900.0,1.0,2897.336701102555,"{""type"":""MultiPoint"",""coordinates"":[]}"
722,302200.0,1.0,4051.935449488461,"{""type"":""MultiPoint"",""coordinates"":[]}"
723,339000.0,1.0,4619.359157402068,"{""type"":""MultiPoint"",""coordinates"":[]}"
724,385600.0,1.0,3435.0525601543486,"{""type"":""MultiPoint"",""coordinates"":[]}"
725,471800.0,1.0,7441.002504467964,"{""type"":""MultiPoint"",""coordinates"":[]}"
726,486900.0,1.0,6611.486667321995,"{""type"":""MultiPoint"",""coordinates"":[]}"
727,506400.0,1.0,7245.438428878784,"{""type"":""MultiPoint"",""coordinates"":[]}"
728,514600.0,1.0,3308.26804170385,"{""type"":""MultiPoint"",""coordinates"":[]}"
